2026-01-22T15:25:45.802941Z  INFO tailwindcss_oxide::scanner: Provided sources:
2026-01-22T15:25:45.803332Z  INFO tailwindcss_oxide::scanner: Source: PublicSourceEntry { base: "/Users/bojantesic/git-tests/bookbot-mvp", pattern: "**/*", negated: false }
2026-01-22T15:25:45.803698Z  INFO tailwindcss_oxide::scanner: Optimized sources:
2026-01-22T15:25:45.803707Z  INFO tailwindcss_oxide::scanner: Source: Auto { base: "/Users/bojantesic/git-tests/bookbot-mvp" }
2026-01-22T15:25:45.805427Z  INFO scan_sources: tailwindcss_oxide::scanner: enter
2026-01-22T15:25:45.805862Z  INFO scan_sources: tailwindcss_oxide::scanner: Discovering "/Users/bojantesic/git-tests/bookbot-mvp/middleware.ts"
2026-01-22T15:25:45.805898Z  INFO scan_sources: tailwindcss_oxide::scanner: Discovering "/Users/bojantesic/git-tests/bookbot-mvp/messages"
2026-01-22T15:25:45.805930Z  INFO scan_sources: tailwindcss_oxide::scanner: Discovering "/Users/bojantesic/git-tests/bookbot-mvp/messages/en.json"
2026-01-22T15:25:45.805940Z  INFO scan_sources: tailwindcss_oxide::scanner: Discovering "/Users/bojantesic/git-tests/bookbot-mvp/messages/sr.json"
2026-01-22T15:25:45.806049Z  INFO scan_sources: tailwindcss_oxide::scanner: Discovering "/Users/bojantesic/git-tests/bookbot-mvp/postcss.config.mjs"
2026-01-22T15:25:45.806133Z  INFO scan_sources: tailwindcss_oxide::scanner: Discovering "/Users/bojantesic/git-tests/bookbot-mvp/prisma"
2026-01-22T15:25:45.806211Z  INFO scan_sources: tailwindcss_oxide::scanner: Discovering "/Users/bojantesic/git-tests/bookbot-mvp/prisma/migrations"
2026-01-22T15:25:45.806247Z  INFO scan_sources: tailwindcss_oxide::scanner: Discovering "/Users/bojantesic/git-tests/bookbot-mvp/prisma/migrations/migration_lock.toml"
2026-01-22T15:25:45.806273Z  INFO scan_sources: tailwindcss_oxide::scanner: Discovering "/Users/bojantesic/git-tests/bookbot-mvp/prisma/migrations/20260117183444_add_ai_bot_personality_fields"
2026-01-22T15:25:45.806308Z  INFO scan_sources: tailwindcss_oxide::scanner: Discovering "/Users/bojantesic/git-tests/bookbot-mvp/prisma/migrations/20260117183444_add_ai_bot_personality_fields/migration.sql"
2026-01-22T15:25:45.806331Z  INFO scan_sources: tailwindcss_oxide::scanner: Discovering "/Users/bojantesic/git-tests/bookbot-mvp/prisma/migrations/20260119145404_add_service_discounts"
2026-01-22T15:25:45.806352Z  INFO scan_sources: tailwindcss_oxide::scanner: Discovering "/Users/bojantesic/git-tests/bookbot-mvp/prisma/migrations/20260119145404_add_service_discounts/migration.sql"
2026-01-22T15:25:45.806371Z  INFO scan_sources: tailwindcss_oxide::scanner: Discovering "/Users/bojantesic/git-tests/bookbot-mvp/prisma/migrations/20260117175536_add_service_color"
2026-01-22T15:25:45.806390Z  INFO scan_sources: tailwindcss_oxide::scanner: Discovering "/Users/bojantesic/git-tests/bookbot-mvp/prisma/migrations/20260117175536_add_service_color/migration.sql"
2026-01-22T15:25:45.806417Z  INFO scan_sources: tailwindcss_oxide::scanner: Discovering "/Users/bojantesic/git-tests/bookbot-mvp/prisma/migrations/20260118101359_add_company_business_details"
2026-01-22T15:25:45.806436Z  INFO scan_sources: tailwindcss_oxide::scanner: Discovering "/Users/bojantesic/git-tests/bookbot-mvp/prisma/migrations/20260118101359_add_company_business_details/migration.sql"
2026-01-22T15:25:45.806456Z  INFO scan_sources: tailwindcss_oxide::scanner: Discovering "/Users/bojantesic/git-tests/bookbot-mvp/prisma/migrations/20260118154115_add_chat_session_flags"
2026-01-22T15:25:45.806474Z  INFO scan_sources: tailwindcss_oxide::scanner: Discovering "/Users/bojantesic/git-tests/bookbot-mvp/prisma/migrations/20260118154115_add_chat_session_flags/migration.sql"
2026-01-22T15:25:45.806491Z  INFO scan_sources: tailwindcss_oxide::scanner: Discovering "/Users/bojantesic/git-tests/bookbot-mvp/prisma/migrations/20260117120753_init"
2026-01-22T15:25:45.806506Z  INFO scan_sources: tailwindcss_oxide::scanner: Discovering "/Users/bojantesic/git-tests/bookbot-mvp/prisma/migrations/20260117120753_init/migration.sql"
2026-01-22T15:25:45.806516Z  INFO scan_sources: tailwindcss_oxide::scanner: Discovering "/Users/bojantesic/git-tests/bookbot-mvp/prisma/schema.prisma"
2026-01-22T15:25:45.806530Z  INFO scan_sources: tailwindcss_oxide::scanner: Discovering "/Users/bojantesic/git-tests/bookbot-mvp/prisma/seed.ts"
2026-01-22T15:25:45.806541Z  INFO scan_sources: tailwindcss_oxide::scanner: Discovering "/Users/bojantesic/git-tests/bookbot-mvp/prisma.config.ts"
2026-01-22T15:25:45.806580Z  INFO scan_sources: tailwindcss_oxide::scanner: Discovering "/Users/bojantesic/git-tests/bookbot-mvp/README.md"
2026-01-22T15:25:45.806603Z  INFO scan_sources: tailwindcss_oxide::scanner: Discovering "/Users/bojantesic/git-tests/bookbot-mvp/public"
2026-01-22T15:25:45.806620Z  INFO scan_sources: tailwindcss_oxide::scanner: Discovering "/Users/bojantesic/git-tests/bookbot-mvp/public/file.svg"
2026-01-22T15:25:45.806638Z  INFO scan_sources: tailwindcss_oxide::scanner: Discovering "/Users/bojantesic/git-tests/bookbot-mvp/public/videos"
2026-01-22T15:25:45.806659Z  INFO scan_sources: tailwindcss_oxide::scanner: Discovering "/Users/bojantesic/git-tests/bookbot-mvp/public/vercel.svg"
2026-01-22T15:25:45.806667Z  INFO scan_sources: tailwindcss_oxide::scanner: Discovering "/Users/bojantesic/git-tests/bookbot-mvp/public/next.svg"
2026-01-22T15:25:45.806674Z  INFO scan_sources: tailwindcss_oxide::scanner: Discovering "/Users/bojantesic/git-tests/bookbot-mvp/public/globe.svg"
2026-01-22T15:25:45.806681Z  INFO scan_sources: tailwindcss_oxide::scanner: Discovering "/Users/bojantesic/git-tests/bookbot-mvp/public/window.svg"
2026-01-22T15:25:45.806697Z  INFO scan_sources: tailwindcss_oxide::scanner: Discovering "/Users/bojantesic/git-tests/bookbot-mvp/package.json"
2026-01-22T15:25:45.806715Z  INFO scan_sources: tailwindcss_oxide::scanner: Discovering "/Users/bojantesic/git-tests/bookbot-mvp/scripts"
2026-01-22T15:25:45.806731Z  INFO scan_sources: tailwindcss_oxide::scanner: Discovering "/Users/bojantesic/git-tests/bookbot-mvp/scripts/migrate-company-memberships.ts"
2026-01-22T15:25:45.806739Z  INFO scan_sources: tailwindcss_oxide::scanner: Discovering "/Users/bojantesic/git-tests/bookbot-mvp/scripts/create-test-admin.ts"
2026-01-22T15:25:45.806746Z  INFO scan_sources: tailwindcss_oxide::scanner: Discovering "/Users/bojantesic/git-tests/bookbot-mvp/components.json"
2026-01-22T15:25:45.806753Z  INFO scan_sources: tailwindcss_oxide::scanner: Discovering "/Users/bojantesic/git-tests/bookbot-mvp/tsconfig.json"
2026-01-22T15:25:45.806767Z  INFO scan_sources: tailwindcss_oxide::scanner: Discovering "/Users/bojantesic/git-tests/bookbot-mvp/tech_docs"
2026-01-22T15:25:45.806786Z  INFO scan_sources: tailwindcss_oxide::scanner: Discovering "/Users/bojantesic/git-tests/bookbot-mvp/tech_docs/intro"
2026-01-22T15:25:45.806793Z  INFO scan_sources: tailwindcss_oxide::scanner: Discovering "/Users/bojantesic/git-tests/bookbot-mvp/tech_docs/gpu-workstation-research.md"
2026-01-22T15:25:45.806799Z  INFO scan_sources: tailwindcss_oxide::scanner: Discovering "/Users/bojantesic/git-tests/bookbot-mvp/tech_docs/chatbot.md"
2026-01-22T15:25:45.806808Z  INFO scan_sources: tailwindcss_oxide::scanner: Discovering "/Users/bojantesic/git-tests/bookbot-mvp/tech_docs/test.html"
2026-01-22T15:25:45.806833Z  INFO scan_sources: tailwindcss_oxide::scanner: Discovering "/Users/bojantesic/git-tests/bookbot-mvp/eslint.config.mjs"
2026-01-22T15:25:45.806840Z  INFO scan_sources: tailwindcss_oxide::scanner: Discovering "/Users/bojantesic/git-tests/bookbot-mvp/next.config.ts"
2026-01-22T15:25:45.806861Z  INFO scan_sources: tailwindcss_oxide::scanner: Discovering "/Users/bojantesic/git-tests/bookbot-mvp/src"
2026-01-22T15:25:45.806886Z  INFO scan_sources: tailwindcss_oxide::scanner: Discovering "/Users/bojantesic/git-tests/bookbot-mvp/src/types"
2026-01-22T15:25:45.806911Z  INFO scan_sources: tailwindcss_oxide::scanner: Discovering "/Users/bojantesic/git-tests/bookbot-mvp/src/app"
2026-01-22T15:25:45.806946Z  INFO scan_sources: tailwindcss_oxide::scanner: Discovering "/Users/bojantesic/git-tests/bookbot-mvp/src/app/[locale]"
2026-01-22T15:25:45.806972Z  INFO scan_sources: tailwindcss_oxide::scanner: Discovering "/Users/bojantesic/git-tests/bookbot-mvp/src/app/[locale]/embed"
2026-01-22T15:25:45.807000Z  INFO scan_sources: tailwindcss_oxide::scanner: Discovering "/Users/bojantesic/git-tests/bookbot-mvp/src/app/[locale]/embed/[companySlug]"
2026-01-22T15:25:45.807018Z  INFO scan_sources: tailwindcss_oxide::scanner: Discovering "/Users/bojantesic/git-tests/bookbot-mvp/src/app/[locale]/embed/[companySlug]/layout.tsx"
2026-01-22T15:25:45.807026Z  INFO scan_sources: tailwindcss_oxide::scanner: Discovering "/Users/bojantesic/git-tests/bookbot-mvp/src/app/[locale]/embed/[companySlug]/page.tsx"
2026-01-22T15:25:45.807045Z  INFO scan_sources: tailwindcss_oxide::scanner: Discovering "/Users/bojantesic/git-tests/bookbot-mvp/src/app/[locale]/super-admin"
2026-01-22T15:25:45.807061Z  INFO scan_sources: tailwindcss_oxide::scanner: Discovering "/Users/bojantesic/git-tests/bookbot-mvp/src/app/[locale]/super-admin/layout.tsx"
2026-01-22T15:25:45.807068Z  INFO scan_sources: tailwindcss_oxide::scanner: Discovering "/Users/bojantesic/git-tests/bookbot-mvp/src/app/[locale]/super-admin/page.tsx"
2026-01-22T15:25:45.807084Z  INFO scan_sources: tailwindcss_oxide::scanner: Discovering "/Users/bojantesic/git-tests/bookbot-mvp/src/app/[locale]/super-admin/companies"
2026-01-22T15:25:45.807097Z  INFO scan_sources: tailwindcss_oxide::scanner: Discovering "/Users/bojantesic/git-tests/bookbot-mvp/src/app/[locale]/super-admin/companies/page.tsx"
2026-01-22T15:25:45.807106Z  INFO scan_sources: tailwindcss_oxide::scanner: Discovering "/Users/bojantesic/git-tests/bookbot-mvp/src/app/[locale]/layout.tsx"
2026-01-22T15:25:45.807122Z  INFO scan_sources: tailwindcss_oxide::scanner: Discovering "/Users/bojantesic/git-tests/bookbot-mvp/src/app/[locale]/(auth)"
2026-01-22T15:25:45.807145Z  INFO scan_sources: tailwindcss_oxide::scanner: Discovering "/Users/bojantesic/git-tests/bookbot-mvp/src/app/[locale]/(auth)/register"
2026-01-22T15:25:45.807159Z  INFO scan_sources: tailwindcss_oxide::scanner: Discovering "/Users/bojantesic/git-tests/bookbot-mvp/src/app/[locale]/(auth)/register/page.tsx"
2026-01-22T15:25:45.807174Z  INFO scan_sources: tailwindcss_oxide::scanner: Discovering "/Users/bojantesic/git-tests/bookbot-mvp/src/app/[locale]/(auth)/login"
2026-01-22T15:25:45.807188Z  INFO scan_sources: tailwindcss_oxide::scanner: Discovering "/Users/bojantesic/git-tests/bookbot-mvp/src/app/[locale]/(auth)/login/page.tsx"
2026-01-22T15:25:45.807196Z  INFO scan_sources: tailwindcss_oxide::scanner: Discovering "/Users/bojantesic/git-tests/bookbot-mvp/src/app/[locale]/page.tsx"
2026-01-22T15:25:45.807211Z  INFO scan_sources: tailwindcss_oxide::scanner: Discovering "/Users/bojantesic/git-tests/bookbot-mvp/src/app/[locale]/c"
2026-01-22T15:25:45.807233Z  INFO scan_sources: tailwindcss_oxide::scanner: Discovering "/Users/bojantesic/git-tests/bookbot-mvp/src/app/[locale]/c/[companySlug]"
2026-01-22T15:25:45.807258Z  INFO scan_sources: tailwindcss_oxide::scanner: Discovering "/Users/bojantesic/git-tests/bookbot-mvp/src/app/[locale]/c/[companySlug]/admin"
2026-01-22T15:25:45.807282Z  INFO scan_sources: tailwindcss_oxide::scanner: Discovering "/Users/bojantesic/git-tests/bookbot-mvp/src/app/[locale]/c/[companySlug]/admin/settings"
2026-01-22T15:25:45.807298Z  INFO scan_sources: tailwindcss_oxide::scanner: Discovering "/Users/bojantesic/git-tests/bookbot-mvp/src/app/[locale]/c/[companySlug]/admin/settings/page.tsx"
2026-01-22T15:25:45.807315Z  INFO scan_sources: tailwindcss_oxide::scanner: Discovering "/Users/bojantesic/git-tests/bookbot-mvp/src/app/[locale]/c/[companySlug]/admin/invoices"
2026-01-22T15:25:45.807329Z  INFO scan_sources: tailwindcss_oxide::scanner: Discovering "/Users/bojantesic/git-tests/bookbot-mvp/src/app/[locale]/c/[companySlug]/admin/invoices/page.tsx"
2026-01-22T15:25:45.807346Z  INFO scan_sources: tailwindcss_oxide::scanner: Discovering "/Users/bojantesic/git-tests/bookbot-mvp/src/app/[locale]/c/[companySlug]/admin/appointments"
2026-01-22T15:25:45.807360Z  INFO scan_sources: tailwindcss_oxide::scanner: Discovering "/Users/bojantesic/git-tests/bookbot-mvp/src/app/[locale]/c/[companySlug]/admin/appointments/page.tsx"
2026-01-22T15:25:45.807383Z  INFO scan_sources: tailwindcss_oxide::scanner: Discovering "/Users/bojantesic/git-tests/bookbot-mvp/src/app/[locale]/c/[companySlug]/admin/working-hours"
2026-01-22T15:25:45.807399Z  INFO scan_sources: tailwindcss_oxide::scanner: Discovering "/Users/bojantesic/git-tests/bookbot-mvp/src/app/[locale]/c/[companySlug]/admin/working-hours/page.tsx"
2026-01-22T15:25:45.807415Z  INFO scan_sources: tailwindcss_oxide::scanner: Discovering "/Users/bojantesic/git-tests/bookbot-mvp/src/app/[locale]/c/[companySlug]/admin/profile"
2026-01-22T15:25:45.807430Z  INFO scan_sources: tailwindcss_oxide::scanner: Discovering "/Users/bojantesic/git-tests/bookbot-mvp/src/app/[locale]/c/[companySlug]/admin/profile/page.tsx"
2026-01-22T15:25:45.807447Z  INFO scan_sources: tailwindcss_oxide::scanner: Discovering "/Users/bojantesic/git-tests/bookbot-mvp/src/app/[locale]/c/[companySlug]/admin/conversations"
2026-01-22T15:25:45.807462Z  INFO scan_sources: tailwindcss_oxide::scanner: Discovering "/Users/bojantesic/git-tests/bookbot-mvp/src/app/[locale]/c/[companySlug]/admin/conversations/page.tsx"
2026-01-22T15:25:45.807470Z  INFO scan_sources: tailwindcss_oxide::scanner: Discovering "/Users/bojantesic/git-tests/bookbot-mvp/src/app/[locale]/c/[companySlug]/admin/layout.tsx"
2026-01-22T15:25:45.807487Z  INFO scan_sources: tailwindcss_oxide::scanner: Discovering "/Users/bojantesic/git-tests/bookbot-mvp/src/app/[locale]/c/[companySlug]/admin/documents"
2026-01-22T15:25:45.807501Z  INFO scan_sources: tailwindcss_oxide::scanner: Discovering "/Users/bojantesic/git-tests/bookbot-mvp/src/app/[locale]/c/[companySlug]/admin/documents/page.tsx"
2026-01-22T15:25:45.807509Z  INFO scan_sources: tailwindcss_oxide::scanner: Discovering "/Users/bojantesic/git-tests/bookbot-mvp/src/app/[locale]/c/[companySlug]/admin/page.tsx"
2026-01-22T15:25:45.807524Z  INFO scan_sources: tailwindcss_oxide::scanner: Discovering "/Users/bojantesic/git-tests/bookbot-mvp/src/app/[locale]/c/[companySlug]/admin/services"
2026-01-22T15:25:45.807538Z  INFO scan_sources: tailwindcss_oxide::scanner: Discovering "/Users/bojantesic/git-tests/bookbot-mvp/src/app/[locale]/c/[companySlug]/admin/services/page.tsx"
2026-01-22T15:25:45.807555Z  INFO scan_sources: tailwindcss_oxide::scanner: Discovering "/Users/bojantesic/git-tests/bookbot-mvp/src/app/[locale]/c/[companySlug]/user"
2026-01-22T15:25:45.807568Z  INFO scan_sources: tailwindcss_oxide::scanner: Discovering "/Users/bojantesic/git-tests/bookbot-mvp/src/app/[locale]/c/[companySlug]/user/page.tsx"
2026-01-22T15:25:45.807584Z  INFO scan_sources: tailwindcss_oxide::scanner: Discovering "/Users/bojantesic/git-tests/bookbot-mvp/src/app/[locale]/c/[companySlug]/my-appointments"
2026-01-22T15:25:45.807600Z  INFO scan_sources: tailwindcss_oxide::scanner: Discovering "/Users/bojantesic/git-tests/bookbot-mvp/src/app/[locale]/c/[companySlug]/my-appointments/page.tsx"
2026-01-22T15:25:45.807607Z  INFO scan_sources: tailwindcss_oxide::scanner: Discovering "/Users/bojantesic/git-tests/bookbot-mvp/src/app/[locale]/c/[companySlug]/layout.tsx"
2026-01-22T15:25:45.807622Z  INFO scan_sources: tailwindcss_oxide::scanner: Discovering "/Users/bojantesic/git-tests/bookbot-mvp/src/app/[locale]/c/[companySlug]/book"
2026-01-22T15:25:45.807636Z  INFO scan_sources: tailwindcss_oxide::scanner: Discovering "/Users/bojantesic/git-tests/bookbot-mvp/src/app/[locale]/c/[companySlug]/book/page.tsx"
2026-01-22T15:25:45.807643Z  INFO scan_sources: tailwindcss_oxide::scanner: Discovering "/Users/bojantesic/git-tests/bookbot-mvp/src/app/[locale]/c/[companySlug]/page.tsx"
2026-01-22T15:25:45.807651Z  INFO scan_sources: tailwindcss_oxide::scanner: Discovering "/Users/bojantesic/git-tests/bookbot-mvp/src/app/layout.tsx"
2026-01-22T15:25:45.807665Z  INFO scan_sources: tailwindcss_oxide::scanner: Discovering "/Users/bojantesic/git-tests/bookbot-mvp/src/app/api"
2026-01-22T15:25:45.807688Z  INFO scan_sources: tailwindcss_oxide::scanner: Discovering "/Users/bojantesic/git-tests/bookbot-mvp/src/app/api/auth"
2026-01-22T15:25:45.807715Z  INFO scan_sources: tailwindcss_oxide::scanner: Discovering "/Users/bojantesic/git-tests/bookbot-mvp/src/app/api/auth/register"
2026-01-22T15:25:45.807733Z  INFO scan_sources: tailwindcss_oxide::scanner: Discovering "/Users/bojantesic/git-tests/bookbot-mvp/src/app/api/auth/register/route.ts"
2026-01-22T15:25:45.807749Z  INFO scan_sources: tailwindcss_oxide::scanner: Discovering "/Users/bojantesic/git-tests/bookbot-mvp/src/app/api/auth/[...nextauth]"
2026-01-22T15:25:45.807768Z  INFO scan_sources: tailwindcss_oxide::scanner: Discovering "/Users/bojantesic/git-tests/bookbot-mvp/src/app/api/auth/[...nextauth]/route.ts"
2026-01-22T15:25:45.807784Z  INFO scan_sources: tailwindcss_oxide::scanner: Discovering "/Users/bojantesic/git-tests/bookbot-mvp/src/app/api/user"
2026-01-22T15:25:45.807812Z  INFO scan_sources: tailwindcss_oxide::scanner: Discovering "/Users/bojantesic/git-tests/bookbot-mvp/src/app/api/user/profile"
2026-01-22T15:25:45.807825Z  INFO scan_sources: tailwindcss_oxide::scanner: Discovering "/Users/bojantesic/git-tests/bookbot-mvp/src/app/api/user/profile/route.ts"
2026-01-22T15:25:45.807840Z  INFO scan_sources: tailwindcss_oxide::scanner: Discovering "/Users/bojantesic/git-tests/bookbot-mvp/src/app/api/user/companies"
2026-01-22T15:25:45.807856Z  INFO scan_sources: tailwindcss_oxide::scanner: Discovering "/Users/bojantesic/git-tests/bookbot-mvp/src/app/api/user/companies/route.ts"
2026-01-22T15:25:45.807871Z  INFO scan_sources: tailwindcss_oxide::scanner: Discovering "/Users/bojantesic/git-tests/bookbot-mvp/src/app/api/user/companies/primary"
2026-01-22T15:25:45.807885Z  INFO scan_sources: tailwindcss_oxide::scanner: Discovering "/Users/bojantesic/git-tests/bookbot-mvp/src/app/api/user/companies/primary/route.ts"
2026-01-22T15:25:45.807901Z  INFO scan_sources: tailwindcss_oxide::scanner: Discovering "/Users/bojantesic/git-tests/bookbot-mvp/src/app/api/super-admin"
2026-01-22T15:25:45.807921Z  INFO scan_sources: tailwindcss_oxide::scanner: Discovering "/Users/bojantesic/git-tests/bookbot-mvp/src/app/api/super-admin/companies"
2026-01-22T15:25:45.807938Z  INFO scan_sources: tailwindcss_oxide::scanner: Discovering "/Users/bojantesic/git-tests/bookbot-mvp/src/app/api/super-admin/companies/route.ts"
2026-01-22T15:25:45.807953Z  INFO scan_sources: tailwindcss_oxide::scanner: Discovering "/Users/bojantesic/git-tests/bookbot-mvp/src/app/api/c"
2026-01-22T15:25:45.807975Z  INFO scan_sources: tailwindcss_oxide::scanner: Discovering "/Users/bojantesic/git-tests/bookbot-mvp/src/app/api/c/[companySlug]"
2026-01-22T15:25:45.807999Z  INFO scan_sources: tailwindcss_oxide::scanner: Discovering "/Users/bojantesic/git-tests/bookbot-mvp/src/app/api/c/[companySlug]/settings"
2026-01-22T15:25:45.808015Z  INFO scan_sources: tailwindcss_oxide::scanner: Discovering "/Users/bojantesic/git-tests/bookbot-mvp/src/app/api/c/[companySlug]/settings/route.ts"
2026-01-22T15:25:45.808031Z  INFO scan_sources: tailwindcss_oxide::scanner: Discovering "/Users/bojantesic/git-tests/bookbot-mvp/src/app/api/c/[companySlug]/chat"
2026-01-22T15:25:45.808046Z  INFO scan_sources: tailwindcss_oxide::scanner: Discovering "/Users/bojantesic/git-tests/bookbot-mvp/src/app/api/c/[companySlug]/chat/route.ts"
2026-01-22T15:25:45.808067Z  INFO scan_sources: tailwindcss_oxide::scanner: Discovering "/Users/bojantesic/git-tests/bookbot-mvp/src/app/api/c/[companySlug]/chat/history"
2026-01-22T15:25:45.808082Z  INFO scan_sources: tailwindcss_oxide::scanner: Discovering "/Users/bojantesic/git-tests/bookbot-mvp/src/app/api/c/[companySlug]/chat/history/route.ts"
2026-01-22T15:25:45.808099Z  INFO scan_sources: tailwindcss_oxide::scanner: Discovering "/Users/bojantesic/git-tests/bookbot-mvp/src/app/api/c/[companySlug]/chat/preview"
2026-01-22T15:25:45.808115Z  INFO scan_sources: tailwindcss_oxide::scanner: Discovering "/Users/bojantesic/git-tests/bookbot-mvp/src/app/api/c/[companySlug]/chat/preview/route.ts"
2026-01-22T15:25:45.808131Z  INFO scan_sources: tailwindcss_oxide::scanner: Discovering "/Users/bojantesic/git-tests/bookbot-mvp/src/app/api/c/[companySlug]/invoices"
2026-01-22T15:25:45.808156Z  INFO scan_sources: tailwindcss_oxide::scanner: Discovering "/Users/bojantesic/git-tests/bookbot-mvp/src/app/api/c/[companySlug]/invoices/[invoiceId]"
2026-01-22T15:25:45.808170Z  INFO scan_sources: tailwindcss_oxide::scanner: Discovering "/Users/bojantesic/git-tests/bookbot-mvp/src/app/api/c/[companySlug]/invoices/[invoiceId]/route.ts"
2026-01-22T15:25:45.808178Z  INFO scan_sources: tailwindcss_oxide::scanner: Discovering "/Users/bojantesic/git-tests/bookbot-mvp/src/app/api/c/[companySlug]/invoices/route.ts"
2026-01-22T15:25:45.808193Z  INFO scan_sources: tailwindcss_oxide::scanner: Discovering "/Users/bojantesic/git-tests/bookbot-mvp/src/app/api/c/[companySlug]/appointments"
2026-01-22T15:25:45.808209Z  INFO scan_sources: tailwindcss_oxide::scanner: Discovering "/Users/bojantesic/git-tests/bookbot-mvp/src/app/api/c/[companySlug]/appointments/route.ts"
2026-01-22T15:25:45.808226Z  INFO scan_sources: tailwindcss_oxide::scanner: Discovering "/Users/bojantesic/git-tests/bookbot-mvp/src/app/api/c/[companySlug]/appointments/[appointmentId]"
2026-01-22T15:25:45.808241Z  INFO scan_sources: tailwindcss_oxide::scanner: Discovering "/Users/bojantesic/git-tests/bookbot-mvp/src/app/api/c/[companySlug]/appointments/[appointmentId]/route.ts"
2026-01-22T15:25:45.808257Z  INFO scan_sources: tailwindcss_oxide::scanner: Discovering "/Users/bojantesic/git-tests/bookbot-mvp/src/app/api/c/[companySlug]/working-hours"
2026-01-22T15:25:45.808271Z  INFO scan_sources: tailwindcss_oxide::scanner: Discovering "/Users/bojantesic/git-tests/bookbot-mvp/src/app/api/c/[companySlug]/working-hours/route.ts"
2026-01-22T15:25:45.808287Z  INFO scan_sources: tailwindcss_oxide::scanner: Discovering "/Users/bojantesic/git-tests/bookbot-mvp/src/app/api/c/[companySlug]/conversations"
2026-01-22T15:25:45.808302Z  INFO scan_sources: tailwindcss_oxide::scanner: Discovering "/Users/bojantesic/git-tests/bookbot-mvp/src/app/api/c/[companySlug]/conversations/route.ts"
2026-01-22T15:25:45.808318Z  INFO scan_sources: tailwindcss_oxide::scanner: Discovering "/Users/bojantesic/git-tests/bookbot-mvp/src/app/api/c/[companySlug]/conversations/[sessionId]"
2026-01-22T15:25:45.808332Z  INFO scan_sources: tailwindcss_oxide::scanner: Discovering "/Users/bojantesic/git-tests/bookbot-mvp/src/app/api/c/[companySlug]/conversations/[sessionId]/route.ts"
2026-01-22T15:25:45.808348Z  INFO scan_sources: tailwindcss_oxide::scanner: Discovering "/Users/bojantesic/git-tests/bookbot-mvp/src/app/api/c/[companySlug]/documents"
2026-01-22T15:25:45.808371Z  INFO scan_sources: tailwindcss_oxide::scanner: Discovering "/Users/bojantesic/git-tests/bookbot-mvp/src/app/api/c/[companySlug]/documents/[documentId]"
2026-01-22T15:25:45.808385Z  INFO scan_sources: tailwindcss_oxide::scanner: Discovering "/Users/bojantesic/git-tests/bookbot-mvp/src/app/api/c/[companySlug]/documents/[documentId]/route.ts"
2026-01-22T15:25:45.808393Z  INFO scan_sources: tailwindcss_oxide::scanner: Discovering "/Users/bojantesic/git-tests/bookbot-mvp/src/app/api/c/[companySlug]/documents/route.ts"
2026-01-22T15:25:45.808409Z  INFO scan_sources: tailwindcss_oxide::scanner: Discovering "/Users/bojantesic/git-tests/bookbot-mvp/src/app/api/c/[companySlug]/slots"
2026-01-22T15:25:45.808422Z  INFO scan_sources: tailwindcss_oxide::scanner: Discovering "/Users/bojantesic/git-tests/bookbot-mvp/src/app/api/c/[companySlug]/slots/route.ts"
2026-01-22T15:25:45.808437Z  INFO scan_sources: tailwindcss_oxide::scanner: Discovering "/Users/bojantesic/git-tests/bookbot-mvp/src/app/api/c/[companySlug]/services"
2026-01-22T15:25:45.808450Z  INFO scan_sources: tailwindcss_oxide::scanner: Discovering "/Users/bojantesic/git-tests/bookbot-mvp/src/app/api/c/[companySlug]/services/route.ts"
2026-01-22T15:25:45.808466Z  INFO scan_sources: tailwindcss_oxide::scanner: Discovering "/Users/bojantesic/git-tests/bookbot-mvp/src/app/api/c/[companySlug]/services/[serviceId]"
2026-01-22T15:25:45.808480Z  INFO scan_sources: tailwindcss_oxide::scanner: Discovering "/Users/bojantesic/git-tests/bookbot-mvp/src/app/api/c/[companySlug]/services/[serviceId]/route.ts"
2026-01-22T15:25:45.808498Z  INFO scan_sources: tailwindcss_oxide::scanner: Discovering "/Users/bojantesic/git-tests/bookbot-mvp/src/app/api/companies"
2026-01-22T15:25:45.808512Z  INFO scan_sources: tailwindcss_oxide::scanner: Discovering "/Users/bojantesic/git-tests/bookbot-mvp/src/app/api/companies/route.ts"
2026-01-22T15:25:45.808519Z  INFO scan_sources: tailwindcss_oxide::scanner: Discovering "/Users/bojantesic/git-tests/bookbot-mvp/src/app/page.tsx"
2026-01-22T15:25:45.808526Z  INFO scan_sources: tailwindcss_oxide::scanner: Discovering "/Users/bojantesic/git-tests/bookbot-mvp/src/app/globals.css"
2026-01-22T15:25:45.808542Z  INFO scan_sources: tailwindcss_oxide::scanner: Discovering "/Users/bojantesic/git-tests/bookbot-mvp/src/components"
2026-01-22T15:25:45.808571Z  INFO scan_sources: tailwindcss_oxide::scanner: Discovering "/Users/bojantesic/git-tests/bookbot-mvp/src/components/ui"
2026-01-22T15:25:45.808591Z  INFO scan_sources: tailwindcss_oxide::scanner: Discovering "/Users/bojantesic/git-tests/bookbot-mvp/src/components/ui/alert-dialog.tsx"
2026-01-22T15:25:45.808597Z  INFO scan_sources: tailwindcss_oxide::scanner: Discovering "/Users/bojantesic/git-tests/bookbot-mvp/src/components/ui/tabs.tsx"
2026-01-22T15:25:45.808603Z  INFO scan_sources: tailwindcss_oxide::scanner: Discovering "/Users/bojantesic/git-tests/bookbot-mvp/src/components/ui/card.tsx"
2026-01-22T15:25:45.808610Z  INFO scan_sources: tailwindcss_oxide::scanner: Discovering "/Users/bojantesic/git-tests/bookbot-mvp/src/components/ui/popover.tsx"
2026-01-22T15:25:45.808616Z  INFO scan_sources: tailwindcss_oxide::scanner: Discovering "/Users/bojantesic/git-tests/bookbot-mvp/src/components/ui/hover-card.tsx"
2026-01-22T15:25:45.808622Z  INFO scan_sources: tailwindcss_oxide::scanner: Discovering "/Users/bojantesic/git-tests/bookbot-mvp/src/components/ui/sheet.tsx"
2026-01-22T15:25:45.808629Z  INFO scan_sources: tailwindcss_oxide::scanner: Discovering "/Users/bojantesic/git-tests/bookbot-mvp/src/components/ui/scroll-area.tsx"
2026-01-22T15:25:45.808635Z  INFO scan_sources: tailwindcss_oxide::scanner: Discovering "/Users/bojantesic/git-tests/bookbot-mvp/src/components/ui/label.tsx"
2026-01-22T15:25:45.808641Z  INFO scan_sources: tailwindcss_oxide::scanner: Discovering "/Users/bojantesic/git-tests/bookbot-mvp/src/components/ui/sonner.tsx"
2026-01-22T15:25:45.808647Z  INFO scan_sources: tailwindcss_oxide::scanner: Discovering "/Users/bojantesic/git-tests/bookbot-mvp/src/components/ui/tooltip.tsx"
2026-01-22T15:25:45.808653Z  INFO scan_sources: tailwindcss_oxide::scanner: Discovering "/Users/bojantesic/git-tests/bookbot-mvp/src/components/ui/switch.tsx"
2026-01-22T15:25:45.808659Z  INFO scan_sources: tailwindcss_oxide::scanner: Discovering "/Users/bojantesic/git-tests/bookbot-mvp/src/components/ui/calendar.tsx"
2026-01-22T15:25:45.808665Z  INFO scan_sources: tailwindcss_oxide::scanner: Discovering "/Users/bojantesic/git-tests/bookbot-mvp/src/components/ui/avatar.tsx"
2026-01-22T15:25:45.808671Z  INFO scan_sources: tailwindcss_oxide::scanner: Discovering "/Users/bojantesic/git-tests/bookbot-mvp/src/components/ui/logo.tsx"
2026-01-22T15:25:45.808677Z  INFO scan_sources: tailwindcss_oxide::scanner: Discovering "/Users/bojantesic/git-tests/bookbot-mvp/src/components/ui/dialog.tsx"
2026-01-22T15:25:45.808683Z  INFO scan_sources: tailwindcss_oxide::scanner: Discovering "/Users/bojantesic/git-tests/bookbot-mvp/src/components/ui/badge.tsx"
2026-01-22T15:25:45.808690Z  INFO scan_sources: tailwindcss_oxide::scanner: Discovering "/Users/bojantesic/git-tests/bookbot-mvp/src/components/ui/table.tsx"
2026-01-22T15:25:45.808696Z  INFO scan_sources: tailwindcss_oxide::scanner: Discovering "/Users/bojantesic/git-tests/bookbot-mvp/src/components/ui/separator.tsx"
2026-01-22T15:25:45.808704Z  INFO scan_sources: tailwindcss_oxide::scanner: Discovering "/Users/bojantesic/git-tests/bookbot-mvp/src/components/ui/button.tsx"
2026-01-22T15:25:45.808710Z  INFO scan_sources: tailwindcss_oxide::scanner: Discovering "/Users/bojantesic/git-tests/bookbot-mvp/src/components/ui/checkbox.tsx"
2026-01-22T15:25:45.808719Z  INFO scan_sources: tailwindcss_oxide::scanner: Discovering "/Users/bojantesic/git-tests/bookbot-mvp/src/components/ui/dropdown-menu.tsx"
2026-01-22T15:25:45.808725Z  INFO scan_sources: tailwindcss_oxide::scanner: Discovering "/Users/bojantesic/git-tests/bookbot-mvp/src/components/ui/select.tsx"
2026-01-22T15:25:45.808731Z  INFO scan_sources: tailwindcss_oxide::scanner: Discovering "/Users/bojantesic/git-tests/bookbot-mvp/src/components/ui/textarea.tsx"
2026-01-22T15:25:45.808737Z  INFO scan_sources: tailwindcss_oxide::scanner: Discovering "/Users/bojantesic/git-tests/bookbot-mvp/src/components/ui/input.tsx"
2026-01-22T15:25:45.808743Z  INFO scan_sources: tailwindcss_oxide::scanner: Discovering "/Users/bojantesic/git-tests/bookbot-mvp/src/components/ui/form.tsx"
2026-01-22T15:25:45.808758Z  INFO scan_sources: tailwindcss_oxide::scanner: Discovering "/Users/bojantesic/git-tests/bookbot-mvp/src/components/landing"
2026-01-22T15:25:45.808776Z  INFO scan_sources: tailwindcss_oxide::scanner: Discovering "/Users/bojantesic/git-tests/bookbot-mvp/src/components/landing/pricing-section.tsx"
2026-01-22T15:25:45.808786Z  INFO scan_sources: tailwindcss_oxide::scanner: Discovering "/Users/bojantesic/git-tests/bookbot-mvp/src/components/landing/faq-section.tsx"
2026-01-22T15:25:45.808793Z  INFO scan_sources: tailwindcss_oxide::scanner: Discovering "/Users/bojantesic/git-tests/bookbot-mvp/src/components/landing/use-cases-section.tsx"
2026-01-22T15:25:45.808799Z  INFO scan_sources: tailwindcss_oxide::scanner: Discovering "/Users/bojantesic/git-tests/bookbot-mvp/src/components/landing/scroll-reveal.tsx"
2026-01-22T15:25:45.808806Z  INFO scan_sources: tailwindcss_oxide::scanner: Discovering "/Users/bojantesic/git-tests/bookbot-mvp/src/components/landing/video-player.tsx"
2026-01-22T15:25:45.808812Z  INFO scan_sources: tailwindcss_oxide::scanner: Discovering "/Users/bojantesic/git-tests/bookbot-mvp/src/components/landing/feature-card.tsx"
2026-01-22T15:25:45.808825Z  INFO scan_sources: tailwindcss_oxide::scanner: Discovering "/Users/bojantesic/git-tests/bookbot-mvp/src/components/landing/landing-page.tsx"
2026-01-22T15:25:45.808831Z  INFO scan_sources: tailwindcss_oxide::scanner: Discovering "/Users/bojantesic/git-tests/bookbot-mvp/src/components/landing/hero-section.tsx"
2026-01-22T15:25:45.808838Z  INFO scan_sources: tailwindcss_oxide::scanner: Discovering "/Users/bojantesic/git-tests/bookbot-mvp/src/components/landing/pricing-card.tsx"
2026-01-22T15:25:45.808844Z  INFO scan_sources: tailwindcss_oxide::scanner: Discovering "/Users/bojantesic/git-tests/bookbot-mvp/src/components/landing/how-it-works-section.tsx"
2026-01-22T15:25:45.808850Z  INFO scan_sources: tailwindcss_oxide::scanner: Discovering "/Users/bojantesic/git-tests/bookbot-mvp/src/components/landing/index.ts"
2026-01-22T15:25:45.808856Z  INFO scan_sources: tailwindcss_oxide::scanner: Discovering "/Users/bojantesic/git-tests/bookbot-mvp/src/components/landing/sphere-background.tsx"
2026-01-22T15:25:45.808863Z  INFO scan_sources: tailwindcss_oxide::scanner: Discovering "/Users/bojantesic/git-tests/bookbot-mvp/src/components/landing/features-section.tsx"
2026-01-22T15:25:45.808870Z  INFO scan_sources: tailwindcss_oxide::scanner: Discovering "/Users/bojantesic/git-tests/bookbot-mvp/src/components/landing/cta-section.tsx"
2026-01-22T15:25:45.808884Z  INFO scan_sources: tailwindcss_oxide::scanner: Discovering "/Users/bojantesic/git-tests/bookbot-mvp/src/components/chat"
2026-01-22T15:25:45.808907Z  INFO scan_sources: tailwindcss_oxide::scanner: Discovering "/Users/bojantesic/git-tests/bookbot-mvp/src/components/chat/ui"
2026-01-22T15:25:45.808922Z  INFO scan_sources: tailwindcss_oxide::scanner: Discovering "/Users/bojantesic/git-tests/bookbot-mvp/src/components/chat/ui/chat-date-picker.tsx"
2026-01-22T15:25:45.808929Z  INFO scan_sources: tailwindcss_oxide::scanner: Discovering "/Users/bojantesic/git-tests/bookbot-mvp/src/components/chat/ui/chat-service-selector.tsx"
2026-01-22T15:25:45.808935Z  INFO scan_sources: tailwindcss_oxide::scanner: Discovering "/Users/bojantesic/git-tests/bookbot-mvp/src/components/chat/ui/chat-time-slots.tsx"
2026-01-22T15:25:45.808945Z  INFO scan_sources: tailwindcss_oxide::scanner: Discovering "/Users/bojantesic/git-tests/bookbot-mvp/src/components/chat/ui/chat-booking-card.tsx"
2026-01-22T15:25:45.808953Z  INFO scan_sources: tailwindcss_oxide::scanner: Discovering "/Users/bojantesic/git-tests/bookbot-mvp/src/components/chat/admin-message-renderer.tsx"
2026-01-22T15:25:45.808959Z  INFO scan_sources: tailwindcss_oxide::scanner: Discovering "/Users/bojantesic/git-tests/bookbot-mvp/src/components/chat/message-parser.ts"
2026-01-22T15:25:45.808966Z  INFO scan_sources: tailwindcss_oxide::scanner: Discovering "/Users/bojantesic/git-tests/bookbot-mvp/src/components/chat/types.ts"
2026-01-22T15:25:45.808972Z  INFO scan_sources: tailwindcss_oxide::scanner: Discovering "/Users/bojantesic/git-tests/bookbot-mvp/src/components/chat/chat-message-renderer.tsx"
2026-01-22T15:25:45.808978Z  INFO scan_sources: tailwindcss_oxide::scanner: Discovering "/Users/bojantesic/git-tests/bookbot-mvp/src/components/chat/selection-extractor.ts"
2026-01-22T15:25:45.808985Z  INFO scan_sources: tailwindcss_oxide::scanner: Discovering "/Users/bojantesic/git-tests/bookbot-mvp/src/components/chat/chat-widget.tsx"
2026-01-22T15:25:45.809000Z  INFO scan_sources: tailwindcss_oxide::scanner: Discovering "/Users/bojantesic/git-tests/bookbot-mvp/src/components/invoices"
2026-01-22T15:25:45.809022Z  INFO scan_sources: tailwindcss_oxide::scanner: Discovering "/Users/bojantesic/git-tests/bookbot-mvp/src/components/booking"
2026-01-22T15:25:45.809035Z  INFO scan_sources: tailwindcss_oxide::scanner: Discovering "/Users/bojantesic/git-tests/bookbot-mvp/src/components/booking/booking-flow.tsx"
2026-01-22T15:25:45.809049Z  INFO scan_sources: tailwindcss_oxide::scanner: Discovering "/Users/bojantesic/git-tests/bookbot-mvp/src/components/providers"
2026-01-22T15:25:45.809063Z  INFO scan_sources: tailwindcss_oxide::scanner: Discovering "/Users/bojantesic/git-tests/bookbot-mvp/src/components/providers/session-provider.tsx"
2026-01-22T15:25:45.809077Z  INFO scan_sources: tailwindcss_oxide::scanner: Discovering "/Users/bojantesic/git-tests/bookbot-mvp/src/components/admin"
2026-01-22T15:25:45.809100Z  INFO scan_sources: tailwindcss_oxide::scanner: Discovering "/Users/bojantesic/git-tests/bookbot-mvp/src/components/admin/calendar"
2026-01-22T15:25:45.809118Z  INFO scan_sources: tailwindcss_oxide::scanner: Discovering "/Users/bojantesic/git-tests/bookbot-mvp/src/components/admin/calendar/index.tsx"
2026-01-22T15:25:45.809125Z  INFO scan_sources: tailwindcss_oxide::scanner: Discovering "/Users/bojantesic/git-tests/bookbot-mvp/src/components/admin/calendar/appointment-card.tsx"
2026-01-22T15:25:45.809132Z  INFO scan_sources: tailwindcss_oxide::scanner: Discovering "/Users/bojantesic/git-tests/bookbot-mvp/src/components/admin/calendar/create-appointment-modal.tsx"
2026-01-22T15:25:45.809138Z  INFO scan_sources: tailwindcss_oxide::scanner: Discovering "/Users/bojantesic/git-tests/bookbot-mvp/src/components/admin/calendar/patient-queue.tsx"
2026-01-22T15:25:45.809145Z  INFO scan_sources: tailwindcss_oxide::scanner: Discovering "/Users/bojantesic/git-tests/bookbot-mvp/src/components/admin/calendar/appointment-detail-modal.tsx"
2026-01-22T15:25:45.809152Z  INFO scan_sources: tailwindcss_oxide::scanner: Discovering "/Users/bojantesic/git-tests/bookbot-mvp/src/components/admin/calendar/week-grid-view.tsx"
2026-01-22T15:25:45.809158Z  INFO scan_sources: tailwindcss_oxide::scanner: Discovering "/Users/bojantesic/git-tests/bookbot-mvp/src/components/admin/calendar/calendar-header.tsx"
2026-01-22T15:25:45.809165Z  INFO scan_sources: tailwindcss_oxide::scanner: Discovering "/Users/bojantesic/git-tests/bookbot-mvp/src/components/admin/calendar/calendar-filters-sidebar.tsx"
2026-01-22T15:25:45.809171Z  INFO scan_sources: tailwindcss_oxide::scanner: Discovering "/Users/bojantesic/git-tests/bookbot-mvp/src/components/admin/calendar/calendar-filter-bar.tsx"
2026-01-22T15:25:45.809181Z  INFO scan_sources: tailwindcss_oxide::scanner: Discovering "/Users/bojantesic/git-tests/bookbot-mvp/src/components/admin/trial-banner.tsx"
2026-01-22T15:25:45.809187Z  INFO scan_sources: tailwindcss_oxide::scanner: Discovering "/Users/bojantesic/git-tests/bookbot-mvp/src/components/admin/company-switcher.tsx"
2026-01-22T15:25:45.809201Z  INFO scan_sources: tailwindcss_oxide::scanner: Discovering "/Users/bojantesic/git-tests/bookbot-mvp/src/components/admin/dashboard"
2026-01-22T15:25:45.809220Z  INFO scan_sources: tailwindcss_oxide::scanner: Discovering "/Users/bojantesic/git-tests/bookbot-mvp/src/components/admin/dashboard/index.tsx"
2026-01-22T15:25:45.809226Z  INFO scan_sources: tailwindcss_oxide::scanner: Discovering "/Users/bojantesic/git-tests/bookbot-mvp/src/components/admin/dashboard/animated-number.tsx"
2026-01-22T15:25:45.809232Z  INFO scan_sources: tailwindcss_oxide::scanner: Discovering "/Users/bojantesic/git-tests/bookbot-mvp/src/components/admin/dashboard/revenue-chart.tsx"
2026-01-22T15:25:45.809239Z  INFO scan_sources: tailwindcss_oxide::scanner: Discovering "/Users/bojantesic/git-tests/bookbot-mvp/src/components/admin/dashboard/recent-activity.tsx"
2026-01-22T15:25:45.809245Z  INFO scan_sources: tailwindcss_oxide::scanner: Discovering "/Users/bojantesic/git-tests/bookbot-mvp/src/components/admin/dashboard/stats-card.tsx"
2026-01-22T15:25:45.809252Z  INFO scan_sources: tailwindcss_oxide::scanner: Discovering "/Users/bojantesic/git-tests/bookbot-mvp/src/components/admin/dashboard/quick-actions.tsx"
2026-01-22T15:25:45.809258Z  INFO scan_sources: tailwindcss_oxide::scanner: Discovering "/Users/bojantesic/git-tests/bookbot-mvp/src/components/admin/dashboard/period-selector.tsx"
2026-01-22T15:25:45.809265Z  INFO scan_sources: tailwindcss_oxide::scanner: Discovering "/Users/bojantesic/git-tests/bookbot-mvp/src/components/admin/dashboard/chat-activity-chart.tsx"
2026-01-22T15:25:45.809271Z  INFO scan_sources: tailwindcss_oxide::scanner: Discovering "/Users/bojantesic/git-tests/bookbot-mvp/src/components/admin/dashboard/appointments-trend-chart.tsx"
2026-01-22T15:25:45.809278Z  INFO scan_sources: tailwindcss_oxide::scanner: Discovering "/Users/bojantesic/git-tests/bookbot-mvp/src/components/admin/dashboard/customer-segments-chart.tsx"
2026-01-22T15:25:45.809284Z  INFO scan_sources: tailwindcss_oxide::scanner: Discovering "/Users/bojantesic/git-tests/bookbot-mvp/src/components/admin/dashboard/appointments-status-chart.tsx"
2026-01-22T15:25:45.809291Z  INFO scan_sources: tailwindcss_oxide::scanner: Discovering "/Users/bojantesic/git-tests/bookbot-mvp/src/components/admin/dashboard/chat-sessions-chart.tsx"
2026-01-22T15:25:45.809297Z  INFO scan_sources: tailwindcss_oxide::scanner: Discovering "/Users/bojantesic/git-tests/bookbot-mvp/src/components/admin/dashboard/today-summary.tsx"
2026-01-22T15:25:45.809303Z  INFO scan_sources: tailwindcss_oxide::scanner: Discovering "/Users/bojantesic/git-tests/bookbot-mvp/src/components/admin/dashboard/services-chart.tsx"
2026-01-22T15:25:45.809311Z  INFO scan_sources: tailwindcss_oxide::scanner: Discovering "/Users/bojantesic/git-tests/bookbot-mvp/src/components/admin/admin-sidebar.tsx"
2026-01-22T15:25:45.809317Z  INFO scan_sources: tailwindcss_oxide::scanner: Discovering "/Users/bojantesic/git-tests/bookbot-mvp/src/components/admin/appointment-calendar.tsx"
2026-01-22T15:25:45.809324Z  INFO scan_sources: tailwindcss_oxide::scanner: Discovering "/Users/bojantesic/git-tests/bookbot-mvp/src/components/admin/create-company-modal.tsx"
2026-01-22T15:25:45.809339Z  INFO scan_sources: tailwindcss_oxide::scanner: Discovering "/Users/bojantesic/git-tests/bookbot-mvp/src/components/navigation"
2026-01-22T15:25:45.809357Z  INFO scan_sources: tailwindcss_oxide::scanner: Discovering "/Users/bojantesic/git-tests/bookbot-mvp/src/components/navigation/user-menu.tsx"
2026-01-22T15:25:45.809364Z  INFO scan_sources: tailwindcss_oxide::scanner: Discovering "/Users/bojantesic/git-tests/bookbot-mvp/src/components/navigation/header.tsx"
2026-01-22T15:25:45.809371Z  INFO scan_sources: tailwindcss_oxide::scanner: Discovering "/Users/bojantesic/git-tests/bookbot-mvp/src/components/navigation/language-switcher.tsx"
2026-01-22T15:25:45.809379Z  INFO scan_sources: tailwindcss_oxide::scanner: Discovering "/Users/bojantesic/git-tests/bookbot-mvp/src/components/navigation/mobile-nav.tsx"
2026-01-22T15:25:45.809394Z  INFO scan_sources: tailwindcss_oxide::scanner: Discovering "/Users/bojantesic/git-tests/bookbot-mvp/src/components/service"
2026-01-22T15:25:45.809408Z  INFO scan_sources: tailwindcss_oxide::scanner: Discovering "/Users/bojantesic/git-tests/bookbot-mvp/src/components/service/service-price-display.tsx"
2026-01-22T15:25:45.809415Z  INFO scan_sources: tailwindcss_oxide::scanner: Discovering "/Users/bojantesic/git-tests/bookbot-mvp/src/components/service/promotional-badge.tsx"
2026-01-22T15:25:45.809432Z  INFO scan_sources: tailwindcss_oxide::scanner: Discovering "/Users/bojantesic/git-tests/bookbot-mvp/src/components/customer"
2026-01-22T15:25:45.809450Z  INFO scan_sources: tailwindcss_oxide::scanner: Discovering "/Users/bojantesic/git-tests/bookbot-mvp/src/components/customer/about-section.tsx"
2026-01-22T15:25:45.809456Z  INFO scan_sources: tailwindcss_oxide::scanner: Discovering "/Users/bojantesic/git-tests/bookbot-mvp/src/components/customer/appointment-sheet.tsx"
2026-01-22T15:25:45.809462Z  INFO scan_sources: tailwindcss_oxide::scanner: Discovering "/Users/bojantesic/git-tests/bookbot-mvp/src/components/customer/appointments-header.tsx"
2026-01-22T15:25:45.809468Z  INFO scan_sources: tailwindcss_oxide::scanner: Discovering "/Users/bojantesic/git-tests/bookbot-mvp/src/components/customer/appointments-list.tsx"
2026-01-22T15:25:45.809474Z  INFO scan_sources: tailwindcss_oxide::scanner: Discovering "/Users/bojantesic/git-tests/bookbot-mvp/src/components/customer/appointments-calendar.tsx"
2026-01-22T15:25:45.809491Z  INFO scan_sources: tailwindcss_oxide::scanner: Discovering "/Users/bojantesic/git-tests/bookbot-mvp/src/hooks"
2026-01-22T15:25:45.809505Z  INFO scan_sources: tailwindcss_oxide::scanner: Discovering "/Users/bojantesic/git-tests/bookbot-mvp/src/hooks/use-reduced-motion.ts"
2026-01-22T15:25:45.809520Z  INFO scan_sources: tailwindcss_oxide::scanner: Discovering "/Users/bojantesic/git-tests/bookbot-mvp/src/lib"
2026-01-22T15:25:45.809536Z  INFO scan_sources: tailwindcss_oxide::scanner: Discovering "/Users/bojantesic/git-tests/bookbot-mvp/src/lib/prisma.ts"
2026-01-22T15:25:45.809542Z  INFO scan_sources: tailwindcss_oxide::scanner: Discovering "/Users/bojantesic/git-tests/bookbot-mvp/src/lib/invoices.ts"
2026-01-22T15:25:45.809548Z  INFO scan_sources: tailwindcss_oxide::scanner: Discovering "/Users/bojantesic/git-tests/bookbot-mvp/src/lib/utils.ts"
2026-01-22T15:25:45.809563Z  INFO scan_sources: tailwindcss_oxide::scanner: Discovering "/Users/bojantesic/git-tests/bookbot-mvp/src/lib/utils"
2026-01-22T15:25:45.809578Z  INFO scan_sources: tailwindcss_oxide::scanner: Discovering "/Users/bojantesic/git-tests/bookbot-mvp/src/lib/utils/colors.ts"
2026-01-22T15:25:45.809586Z  INFO scan_sources: tailwindcss_oxide::scanner: Discovering "/Users/bojantesic/git-tests/bookbot-mvp/src/lib/utils/appointment-status.ts"
2026-01-22T15:25:45.809592Z  INFO scan_sources: tailwindcss_oxide::scanner: Discovering "/Users/bojantesic/git-tests/bookbot-mvp/src/lib/utils/discount.ts"
2026-01-22T15:25:45.809598Z  INFO scan_sources: tailwindcss_oxide::scanner: Discovering "/Users/bojantesic/git-tests/bookbot-mvp/src/lib/utils/slots.ts"
2026-01-22T15:25:45.809613Z  INFO scan_sources: tailwindcss_oxide::scanner: Discovering "/Users/bojantesic/git-tests/bookbot-mvp/src/lib/subscription"
2026-01-22T15:25:45.809628Z  INFO scan_sources: tailwindcss_oxide::scanner: Discovering "/Users/bojantesic/git-tests/bookbot-mvp/src/lib/subscription/usage.ts"
2026-01-22T15:25:45.809634Z  INFO scan_sources: tailwindcss_oxide::scanner: Discovering "/Users/bojantesic/git-tests/bookbot-mvp/src/lib/subscription/limits.ts"
2026-01-22T15:25:45.809640Z  INFO scan_sources: tailwindcss_oxide::scanner: Discovering "/Users/bojantesic/git-tests/bookbot-mvp/src/lib/subscription/index.ts"
2026-01-22T15:25:45.809648Z  INFO scan_sources: tailwindcss_oxide::scanner: Discovering "/Users/bojantesic/git-tests/bookbot-mvp/src/lib/subscription/trial.ts"
2026-01-22T15:25:45.809663Z  INFO scan_sources: tailwindcss_oxide::scanner: Discovering "/Users/bojantesic/git-tests/bookbot-mvp/src/lib/ai"
2026-01-22T15:25:45.809677Z  INFO scan_sources: tailwindcss_oxide::scanner: Discovering "/Users/bojantesic/git-tests/bookbot-mvp/src/lib/ai/tool-handlers.ts"
2026-01-22T15:25:45.809683Z  INFO scan_sources: tailwindcss_oxide::scanner: Discovering "/Users/bojantesic/git-tests/bookbot-mvp/src/lib/ai/chat.ts"
2026-01-22T15:25:45.809690Z  INFO scan_sources: tailwindcss_oxide::scanner: Discovering "/Users/bojantesic/git-tests/bookbot-mvp/src/lib/ai/personalities.ts"
2026-01-22T15:25:45.809696Z  INFO scan_sources: tailwindcss_oxide::scanner: Discovering "/Users/bojantesic/git-tests/bookbot-mvp/src/lib/ai/tools.ts"
2026-01-22T15:25:45.809703Z  INFO scan_sources: tailwindcss_oxide::scanner: Discovering "/Users/bojantesic/git-tests/bookbot-mvp/src/lib/url-utils.ts"
2026-01-22T15:25:45.809717Z  INFO scan_sources: tailwindcss_oxide::scanner: Discovering "/Users/bojantesic/git-tests/bookbot-mvp/src/lib/db"
2026-01-22T15:25:45.809730Z  INFO scan_sources: tailwindcss_oxide::scanner: Discovering "/Users/bojantesic/git-tests/bookbot-mvp/src/lib/db/customer-metrics.ts"
2026-01-22T15:25:45.809736Z  INFO scan_sources: tailwindcss_oxide::scanner: Discovering "/Users/bojantesic/git-tests/bookbot-mvp/src/lib/db/audit.ts"
2026-01-22T15:25:45.809742Z  INFO scan_sources: tailwindcss_oxide::scanner: Discovering "/Users/bojantesic/git-tests/bookbot-mvp/src/lib/db/tenant.ts"
2026-01-22T15:25:45.809757Z  INFO scan_sources: tailwindcss_oxide::scanner: Discovering "/Users/bojantesic/git-tests/bookbot-mvp/src/lib/email"
2026-01-22T15:25:45.809771Z  INFO scan_sources: tailwindcss_oxide::scanner: Discovering "/Users/bojantesic/git-tests/bookbot-mvp/src/lib/email/resend.ts"
2026-01-22T15:25:45.809777Z  INFO scan_sources: tailwindcss_oxide::scanner: Discovering "/Users/bojantesic/git-tests/bookbot-mvp/src/lib/email/send.ts"
2026-01-22T15:25:45.809792Z  INFO scan_sources: tailwindcss_oxide::scanner: Discovering "/Users/bojantesic/git-tests/bookbot-mvp/src/lib/email/templates"
2026-01-22T15:25:45.809806Z  INFO scan_sources: tailwindcss_oxide::scanner: Discovering "/Users/bojantesic/git-tests/bookbot-mvp/src/lib/email/templates/booking-confirmation.tsx"
2026-01-22T15:25:45.809813Z  INFO scan_sources: tailwindcss_oxide::scanner: Discovering "/Users/bojantesic/git-tests/bookbot-mvp/src/lib/email/templates/appointment-reminder.tsx"
2026-01-22T15:25:45.809820Z  INFO scan_sources: tailwindcss_oxide::scanner: Discovering "/Users/bojantesic/git-tests/bookbot-mvp/src/lib/email/templates/cancellation-notice.tsx"
2026-01-22T15:25:45.809827Z  INFO scan_sources: tailwindcss_oxide::scanner: Discovering "/Users/bojantesic/git-tests/bookbot-mvp/src/lib/auth.ts"
2026-01-22T15:25:45.809849Z  INFO scan_sources: tailwindcss_oxide::scanner: Discovering "/Users/bojantesic/git-tests/bookbot-mvp/src/i18n"
2026-01-22T15:25:45.809863Z  INFO scan_sources: tailwindcss_oxide::scanner: Discovering "/Users/bojantesic/git-tests/bookbot-mvp/src/i18n/routing.ts"
2026-01-22T15:25:45.809870Z  INFO scan_sources: tailwindcss_oxide::scanner: Discovering "/Users/bojantesic/git-tests/bookbot-mvp/src/i18n/request.ts"
2026-01-22T15:25:45.809876Z  INFO scan_sources: tailwindcss_oxide::scanner: Discovering "/Users/bojantesic/git-tests/bookbot-mvp/src/i18n/config.ts"
2026-01-22T15:25:45.809907Z  INFO scan_sources: tailwindcss_oxide::scanner: exit
2026-01-22T15:25:45.809912Z  INFO extract_candidates: tailwindcss_oxide::scanner: enter
2026-01-22T15:25:45.809917Z  INFO extract_candidates:read_all_files: tailwindcss_oxide::scanner: enter
2026-01-22T15:25:45.809919Z  INFO extract_candidates:read_all_files: tailwindcss_oxide::scanner: Reading 199 file(s)
2026-01-22T15:25:45.810120Z  INFO tailwindcss_oxide::scanner: Reading "/Users/bojantesic/git-tests/bookbot-mvp/src/app/[locale]/layout.tsx"
2026-01-22T15:25:45.810138Z  INFO tailwindcss_oxide::scanner: Reading "/Users/bojantesic/git-tests/bookbot-mvp/src/components/ui/checkbox.tsx"
2026-01-22T15:25:45.810143Z  INFO tailwindcss_oxide::scanner: Reading "/Users/bojantesic/git-tests/bookbot-mvp/src/components/chat/message-parser.ts"
2026-01-22T15:25:45.810141Z  INFO tailwindcss_oxide::scanner: Reading "/Users/bojantesic/git-tests/bookbot-mvp/src/app/[locale]/c/[companySlug]/admin/appointments/page.tsx"
2026-01-22T15:25:45.810212Z  INFO tailwindcss_oxide::scanner: Reading "/Users/bojantesic/git-tests/bookbot-mvp/src/components/ui/dropdown-menu.tsx"
2026-01-22T15:25:45.810182Z  INFO tailwindcss_oxide::scanner: Reading "/Users/bojantesic/git-tests/bookbot-mvp/prisma/seed.ts"
2026-01-22T15:25:45.810186Z  INFO tailwindcss_oxide::scanner: Reading "/Users/bojantesic/git-tests/bookbot-mvp/src/app/[locale]/(auth)/register/page.tsx"
2026-01-22T15:25:45.810243Z  INFO tailwindcss_oxide::scanner: Reading "/Users/bojantesic/git-tests/bookbot-mvp/src/components/ui/select.tsx"
2026-01-22T15:25:45.810187Z  INFO tailwindcss_oxide::scanner: Reading "/Users/bojantesic/git-tests/bookbot-mvp/src/components/admin/dashboard/chat-activity-chart.tsx"
2026-01-22T15:25:45.810212Z  INFO tailwindcss_oxide::scanner: Reading "/Users/bojantesic/git-tests/bookbot-mvp/src/components/chat/types.ts"
2026-01-22T15:25:45.810274Z  INFO tailwindcss_oxide::scanner: Reading "/Users/bojantesic/git-tests/bookbot-mvp/src/components/ui/textarea.tsx"
2026-01-22T15:25:45.810170Z  INFO tailwindcss_oxide::scanner: Reading "/Users/bojantesic/git-tests/bookbot-mvp/next.config.ts"
2026-01-22T15:25:45.810222Z  INFO tailwindcss_oxide::scanner: Reading "/Users/bojantesic/git-tests/bookbot-mvp/src/components/landing/landing-page.tsx"
2026-01-22T15:25:45.810222Z  INFO tailwindcss_oxide::scanner: Reading "/Users/bojantesic/git-tests/bookbot-mvp/public/globe.svg"
2026-01-22T15:25:45.810222Z  INFO tailwindcss_oxide::scanner: Reading "/Users/bojantesic/git-tests/bookbot-mvp/src/app/[locale]/c/[companySlug]/admin/services/page.tsx"
2026-01-22T15:25:45.810186Z  INFO tailwindcss_oxide::scanner: Reading "/Users/bojantesic/git-tests/bookbot-mvp/tsconfig.json"
2026-01-22T15:25:45.810257Z  INFO tailwindcss_oxide::scanner: Reading "/Users/bojantesic/git-tests/bookbot-mvp/src/app/[locale]/c/[companySlug]/admin/working-hours/page.tsx"
2026-01-22T15:25:45.810339Z  INFO tailwindcss_oxide::scanner: Reading "/Users/bojantesic/git-tests/bookbot-mvp/src/app/[locale]/c/[companySlug]/user/page.tsx"
2026-01-22T15:25:45.810267Z  INFO tailwindcss_oxide::scanner: Reading "/Users/bojantesic/git-tests/bookbot-mvp/src/app/[locale]/(auth)/login/page.tsx"
2026-01-22T15:25:45.810210Z  INFO tailwindcss_oxide::scanner: Reading "/Users/bojantesic/git-tests/bookbot-mvp/middleware.ts"
2026-01-22T15:25:45.810288Z  INFO tailwindcss_oxide::scanner: Reading "/Users/bojantesic/git-tests/bookbot-mvp/src/components/admin/dashboard/appointments-trend-chart.tsx"
2026-01-22T15:25:45.810366Z  INFO tailwindcss_oxide::scanner: Reading "/Users/bojantesic/git-tests/bookbot-mvp/src/app/[locale]/page.tsx"
2026-01-22T15:25:45.810304Z  INFO tailwindcss_oxide::scanner: Reading "/Users/bojantesic/git-tests/bookbot-mvp/src/components/ui/input.tsx"
2026-01-22T15:25:45.810379Z  INFO tailwindcss_oxide::scanner: Reading "/Users/bojantesic/git-tests/bookbot-mvp/messages/en.json"
2026-01-22T15:25:45.810318Z  INFO tailwindcss_oxide::scanner: Reading "/Users/bojantesic/git-tests/bookbot-mvp/src/components/landing/hero-section.tsx"
2026-01-22T15:25:45.810336Z  INFO tailwindcss_oxide::scanner: Reading "/Users/bojantesic/git-tests/bookbot-mvp/public/window.svg"
2026-01-22T15:25:45.810400Z  INFO tailwindcss_oxide::scanner: Reading "/Users/bojantesic/git-tests/bookbot-mvp/src/components/ui/form.tsx"
2026-01-22T15:25:45.810408Z  INFO tailwindcss_oxide::scanner: Reading "/Users/bojantesic/git-tests/bookbot-mvp/src/components/landing/pricing-card.tsx"
2026-01-22T15:25:45.810361Z  INFO tailwindcss_oxide::scanner: Reading "/Users/bojantesic/git-tests/bookbot-mvp/src/app/[locale]/c/[companySlug]/admin/profile/page.tsx"
2026-01-22T15:25:45.810364Z  INFO tailwindcss_oxide::scanner: Reading "/Users/bojantesic/git-tests/bookbot-mvp/src/app/[locale]/c/[companySlug]/my-appointments/page.tsx"
2026-01-22T15:25:45.810439Z  INFO tailwindcss_oxide::scanner: Reading "/Users/bojantesic/git-tests/bookbot-mvp/messages/sr.json"
2026-01-22T15:25:45.810313Z  INFO tailwindcss_oxide::scanner: Reading "/Users/bojantesic/git-tests/bookbot-mvp/src/app/[locale]/embed/[companySlug]/layout.tsx"
2026-01-22T15:25:45.810395Z  INFO tailwindcss_oxide::scanner: Reading "/Users/bojantesic/git-tests/bookbot-mvp/src/components/admin/dashboard/customer-segments-chart.tsx"
2026-01-22T15:25:45.810400Z  INFO tailwindcss_oxide::scanner: Reading "/Users/bojantesic/git-tests/bookbot-mvp/src/app/[locale]/c/[companySlug]/admin/settings/page.tsx"
2026-01-22T15:25:45.810257Z  INFO tailwindcss_oxide::scanner: Reading "/Users/bojantesic/git-tests/bookbot-mvp/prisma.config.ts"
2026-01-22T15:25:45.810473Z  INFO tailwindcss_oxide::scanner: Reading "/Users/bojantesic/git-tests/bookbot-mvp/src/app/[locale]/embed/[companySlug]/page.tsx"
2026-01-22T15:25:45.810423Z  INFO tailwindcss_oxide::scanner: Reading "/Users/bojantesic/git-tests/bookbot-mvp/package.json"
2026-01-22T15:25:45.810429Z  INFO tailwindcss_oxide::scanner: Reading "/Users/bojantesic/git-tests/bookbot-mvp/src/components/landing/pricing-section.tsx"
2026-01-22T15:25:45.810430Z  INFO tailwindcss_oxide::scanner: Reading "/Users/bojantesic/git-tests/bookbot-mvp/src/components/landing/how-it-works-section.tsx"
2026-01-22T15:25:45.810508Z  INFO tailwindcss_oxide::scanner: Reading "/Users/bojantesic/git-tests/bookbot-mvp/scripts/migrate-company-memberships.ts"
2026-01-22T15:25:45.810295Z  INFO tailwindcss_oxide::scanner: Reading "/Users/bojantesic/git-tests/bookbot-mvp/src/components/chat/chat-message-renderer.tsx"
2026-01-22T15:25:45.810459Z  INFO tailwindcss_oxide::scanner: Reading "/Users/bojantesic/git-tests/bookbot-mvp/src/app/[locale]/c/[companySlug]/layout.tsx"
2026-01-22T15:25:45.810353Z  INFO tailwindcss_oxide::scanner: Reading "/Users/bojantesic/git-tests/bookbot-mvp/tech_docs/intro"
2026-01-22T15:25:45.810476Z  INFO tailwindcss_oxide::scanner: Reading "/Users/bojantesic/git-tests/bookbot-mvp/src/components/admin/dashboard/appointments-status-chart.tsx"
2026-01-22T15:25:45.810538Z  INFO tailwindcss_oxide::scanner: Reading "/Users/bojantesic/git-tests/bookbot-mvp/src/components/landing/faq-section.tsx"
2026-01-22T15:25:45.810492Z  INFO tailwindcss_oxide::scanner: Reading "/Users/bojantesic/git-tests/bookbot-mvp/src/app/[locale]/c/[companySlug]/admin/invoices/page.tsx"
2026-01-22T15:25:45.810551Z  INFO tailwindcss_oxide::scanner: Reading "/Users/bojantesic/git-tests/bookbot-mvp/src/components/chat/selection-extractor.ts"
2026-01-22T15:25:45.810560Z  INFO tailwindcss_oxide::scanner: Reading "/Users/bojantesic/git-tests/bookbot-mvp/tech_docs/gpu-workstation-research.md"
2026-01-22T15:25:45.810566Z  INFO tailwindcss_oxide::scanner: Reading "/Users/bojantesic/git-tests/bookbot-mvp/src/components/landing/use-cases-section.tsx"
2026-01-22T15:25:45.810455Z  INFO tailwindcss_oxide::scanner: Reading "/Users/bojantesic/git-tests/bookbot-mvp/src/app/[locale]/c/[companySlug]/admin/conversations/page.tsx"
2026-01-22T15:25:45.810578Z  INFO tailwindcss_oxide::scanner: Reading "/Users/bojantesic/git-tests/bookbot-mvp/src/components/admin/calendar/week-grid-view.tsx"
2026-01-22T15:25:45.810587Z  INFO tailwindcss_oxide::scanner: Reading "/Users/bojantesic/git-tests/bookbot-mvp/src/components/chat/chat-widget.tsx"
2026-01-22T15:25:45.810594Z  INFO tailwindcss_oxide::scanner: Reading "/Users/bojantesic/git-tests/bookbot-mvp/src/components/landing/scroll-reveal.tsx"
2026-01-22T15:25:45.810505Z  INFO tailwindcss_oxide::scanner: Reading "/Users/bojantesic/git-tests/bookbot-mvp/src/app/[locale]/super-admin/layout.tsx"
2026-01-22T15:25:45.810565Z  INFO tailwindcss_oxide::scanner: Reading "/Users/bojantesic/git-tests/bookbot-mvp/src/components/admin/dashboard/chat-sessions-chart.tsx"
2026-01-22T15:25:45.810505Z  INFO tailwindcss_oxide::scanner: Reading "/Users/bojantesic/git-tests/bookbot-mvp/postcss.config.mjs"
2026-01-22T15:25:45.810629Z  INFO tailwindcss_oxide::scanner: Reading "/Users/bojantesic/git-tests/bookbot-mvp/tech_docs/chatbot.md"
2026-01-22T15:25:45.810639Z  INFO tailwindcss_oxide::scanner: Reading "/Users/bojantesic/git-tests/bookbot-mvp/src/components/landing/video-player.tsx"
2026-01-22T15:25:45.810503Z  INFO tailwindcss_oxide::scanner: Reading "/Users/bojantesic/git-tests/bookbot-mvp/README.md"
2026-01-22T15:25:45.810554Z  INFO tailwindcss_oxide::scanner: Reading "/Users/bojantesic/git-tests/bookbot-mvp/src/app/[locale]/c/[companySlug]/book/page.tsx"
2026-01-22T15:25:45.810606Z  INFO tailwindcss_oxide::scanner: Reading "/Users/bojantesic/git-tests/bookbot-mvp/src/components/admin/calendar/calendar-header.tsx"
2026-01-22T15:25:45.810614Z  INFO tailwindcss_oxide::scanner: Reading "/Users/bojantesic/git-tests/bookbot-mvp/src/app/[locale]/c/[companySlug]/admin/layout.tsx"
2026-01-22T15:25:45.810551Z  INFO tailwindcss_oxide::scanner: Reading "/Users/bojantesic/git-tests/bookbot-mvp/src/components/landing/index.ts"
2026-01-22T15:25:45.810683Z  INFO tailwindcss_oxide::scanner: Reading "/Users/bojantesic/git-tests/bookbot-mvp/public/file.svg"
2026-01-22T15:25:45.810640Z  INFO tailwindcss_oxide::scanner: Reading "/Users/bojantesic/git-tests/bookbot-mvp/src/app/[locale]/super-admin/page.tsx"
2026-01-22T15:25:45.810552Z  INFO tailwindcss_oxide::scanner: Reading "/Users/bojantesic/git-tests/bookbot-mvp/scripts/create-test-admin.ts"
2026-01-22T15:25:45.810641Z  INFO tailwindcss_oxide::scanner: Reading "/Users/bojantesic/git-tests/bookbot-mvp/src/components/admin/dashboard/today-summary.tsx"
2026-01-22T15:25:45.810652Z  INFO tailwindcss_oxide::scanner: Reading "/Users/bojantesic/git-tests/bookbot-mvp/prisma/migrations/migration_lock.toml"
2026-01-22T15:25:45.810716Z  INFO tailwindcss_oxide::scanner: Reading "/Users/bojantesic/git-tests/bookbot-mvp/src/components/landing/sphere-background.tsx"
2026-01-22T15:25:45.810677Z  INFO tailwindcss_oxide::scanner: Reading "/Users/bojantesic/git-tests/bookbot-mvp/src/components/landing/feature-card.tsx"
2026-01-22T15:25:45.810680Z  INFO tailwindcss_oxide::scanner: Reading "/Users/bojantesic/git-tests/bookbot-mvp/tech_docs/test.html"
2026-01-22T15:25:45.810634Z  INFO tailwindcss_oxide::scanner: Reading "/Users/bojantesic/git-tests/bookbot-mvp/src/components/booking/booking-flow.tsx"
2026-01-22T15:25:45.810688Z  INFO tailwindcss_oxide::scanner: Reading "/Users/bojantesic/git-tests/bookbot-mvp/src/components/admin/calendar/calendar-filters-sidebar.tsx"
2026-01-22T15:25:45.810698Z  INFO tailwindcss_oxide::scanner: Reading "/Users/bojantesic/git-tests/bookbot-mvp/src/app/[locale]/c/[companySlug]/admin/documents/page.tsx"
2026-01-22T15:25:45.810756Z  INFO tailwindcss_oxide::scanner: Reading "/Users/bojantesic/git-tests/bookbot-mvp/eslint.config.mjs"
2026-01-22T15:25:45.810720Z  INFO tailwindcss_oxide::scanner: Reading "/Users/bojantesic/git-tests/bookbot-mvp/components.json"
2026-01-22T15:25:45.810720Z  INFO tailwindcss_oxide::scanner: Reading "/Users/bojantesic/git-tests/bookbot-mvp/src/app/[locale]/super-admin/companies/page.tsx"
2026-01-22T15:25:45.810724Z  INFO tailwindcss_oxide::scanner: Reading "/Users/bojantesic/git-tests/bookbot-mvp/src/components/admin/dashboard/services-chart.tsx"
2026-01-22T15:25:45.810684Z  INFO tailwindcss_oxide::scanner: Reading "/Users/bojantesic/git-tests/bookbot-mvp/src/app/[locale]/c/[companySlug]/page.tsx"
2026-01-22T15:25:45.810740Z  INFO tailwindcss_oxide::scanner: Reading "/Users/bojantesic/git-tests/bookbot-mvp/prisma/migrations/20260117183444_add_ai_bot_personality_fields/migration.sql"
2026-01-22T15:25:45.810752Z  INFO tailwindcss_oxide::scanner: Reading "/Users/bojantesic/git-tests/bookbot-mvp/src/components/landing/features-section.tsx"
2026-01-22T15:25:45.810801Z  INFO tailwindcss_oxide::scanner: Reading "/Users/bojantesic/git-tests/bookbot-mvp/src/components/admin/calendar/create-appointment-modal.tsx"
2026-01-22T15:25:45.810712Z  INFO tailwindcss_oxide::scanner: Reading "/Users/bojantesic/git-tests/bookbot-mvp/public/vercel.svg"
2026-01-22T15:25:45.810758Z  INFO tailwindcss_oxide::scanner: Reading "/Users/bojantesic/git-tests/bookbot-mvp/src/components/providers/session-provider.tsx"
2026-01-22T15:25:45.810764Z  INFO tailwindcss_oxide::scanner: Reading "/Users/bojantesic/git-tests/bookbot-mvp/src/components/admin/calendar/calendar-filter-bar.tsx"
2026-01-22T15:25:45.810830Z  INFO tailwindcss_oxide::scanner: Reading "/Users/bojantesic/git-tests/bookbot-mvp/src/components/admin/calendar/patient-queue.tsx"
2026-01-22T15:25:45.810834Z  INFO tailwindcss_oxide::scanner: Reading "/Users/bojantesic/git-tests/bookbot-mvp/src/components/admin/trial-banner.tsx"
2026-01-22T15:25:45.810798Z  INFO tailwindcss_oxide::scanner: Reading "/Users/bojantesic/git-tests/bookbot-mvp/public/next.svg"
2026-01-22T15:25:45.810802Z  INFO tailwindcss_oxide::scanner: Reading "/Users/bojantesic/git-tests/bookbot-mvp/src/components/admin/admin-sidebar.tsx"
2026-01-22T15:25:45.810853Z  INFO tailwindcss_oxide::scanner: Reading "/Users/bojantesic/git-tests/bookbot-mvp/src/components/admin/calendar/appointment-detail-modal.tsx"
2026-01-22T15:25:45.810859Z  INFO tailwindcss_oxide::scanner: Reading "/Users/bojantesic/git-tests/bookbot-mvp/src/components/admin/company-switcher.tsx"
2026-01-22T15:25:45.810809Z  INFO tailwindcss_oxide::scanner: Reading "/Users/bojantesic/git-tests/bookbot-mvp/src/app/layout.tsx"
2026-01-22T15:25:45.810869Z  INFO tailwindcss_oxide::scanner: Reading "/Users/bojantesic/git-tests/bookbot-mvp/prisma/migrations/20260118154115_add_chat_session_flags/migration.sql"
2026-01-22T15:25:45.810879Z  INFO tailwindcss_oxide::scanner: Reading "/Users/bojantesic/git-tests/bookbot-mvp/src/components/admin/appointment-calendar.tsx"
2026-01-22T15:25:45.810842Z  INFO tailwindcss_oxide::scanner: Reading "/Users/bojantesic/git-tests/bookbot-mvp/src/components/admin/calendar/index.tsx"
2026-01-22T15:25:45.810799Z  INFO tailwindcss_oxide::scanner: Reading "/Users/bojantesic/git-tests/bookbot-mvp/src/components/admin/dashboard/index.tsx"
2026-01-22T15:25:45.810756Z  INFO tailwindcss_oxide::scanner: Reading "/Users/bojantesic/git-tests/bookbot-mvp/src/lib/utils/colors.ts"
2026-01-22T15:25:45.810860Z  INFO tailwindcss_oxide::scanner: Reading "/Users/bojantesic/git-tests/bookbot-mvp/src/components/admin/calendar/appointment-card.tsx"
2026-01-22T15:25:45.810916Z  INFO tailwindcss_oxide::scanner: Reading "/Users/bojantesic/git-tests/bookbot-mvp/src/app/api/auth/register/route.ts"
2026-01-22T15:25:45.810921Z  INFO tailwindcss_oxide::scanner: Reading "/Users/bojantesic/git-tests/bookbot-mvp/src/components/admin/create-company-modal.tsx"
2026-01-22T15:25:45.810926Z  INFO tailwindcss_oxide::scanner: Reading "/Users/bojantesic/git-tests/bookbot-mvp/src/components/admin/dashboard/recent-activity.tsx"
2026-01-22T15:25:45.810932Z  INFO tailwindcss_oxide::scanner: Reading "/Users/bojantesic/git-tests/bookbot-mvp/src/lib/utils/appointment-status.ts"
2026-01-22T15:25:45.810942Z  INFO tailwindcss_oxide::scanner: Reading "/Users/bojantesic/git-tests/bookbot-mvp/src/app/api/auth/[...nextauth]/route.ts"
2026-01-22T15:25:45.810812Z  INFO tailwindcss_oxide::scanner: Reading "/Users/bojantesic/git-tests/bookbot-mvp/prisma/migrations/20260119145404_add_service_discounts/migration.sql"
2026-01-22T15:25:45.810919Z  INFO tailwindcss_oxide::scanner: Reading "/Users/bojantesic/git-tests/bookbot-mvp/prisma/migrations/20260117120753_init/migration.sql"
2026-01-22T15:25:45.810822Z  INFO tailwindcss_oxide::scanner: Reading "/Users/bojantesic/git-tests/bookbot-mvp/src/components/landing/cta-section.tsx"
2026-01-22T15:25:45.810967Z  INFO tailwindcss_oxide::scanner: Reading "/Users/bojantesic/git-tests/bookbot-mvp/src/app/api/user/profile/route.ts"
2026-01-22T15:25:45.810976Z  INFO tailwindcss_oxide::scanner: Reading "/Users/bojantesic/git-tests/bookbot-mvp/prisma/schema.prisma"
2026-01-22T15:25:45.810893Z  INFO tailwindcss_oxide::scanner: Reading "/Users/bojantesic/git-tests/bookbot-mvp/src/components/chat/ui/chat-service-selector.tsx"
2026-01-22T15:25:45.810936Z  INFO tailwindcss_oxide::scanner: Reading "/Users/bojantesic/git-tests/bookbot-mvp/src/lib/url-utils.ts"
2026-01-22T15:25:45.810896Z  INFO tailwindcss_oxide::scanner: Reading "/Users/bojantesic/git-tests/bookbot-mvp/src/components/chat/ui/chat-date-picker.tsx"
2026-01-22T15:25:45.810960Z  INFO tailwindcss_oxide::scanner: Reading "/Users/bojantesic/git-tests/bookbot-mvp/src/components/admin/dashboard/stats-card.tsx"
2026-01-22T15:25:45.811015Z  INFO tailwindcss_oxide::scanner: Reading "/Users/bojantesic/git-tests/bookbot-mvp/src/app/api/user/companies/route.ts"
2026-01-22T15:25:45.810967Z  INFO tailwindcss_oxide::scanner: Reading "/Users/bojantesic/git-tests/bookbot-mvp/src/lib/utils/discount.ts"
2026-01-22T15:25:45.811029Z  INFO tailwindcss_oxide::scanner: Reading "/Users/bojantesic/git-tests/bookbot-mvp/src/components/admin/dashboard/revenue-chart.tsx"
2026-01-22T15:25:45.810971Z  INFO tailwindcss_oxide::scanner: Reading "/Users/bojantesic/git-tests/bookbot-mvp/prisma/migrations/20260117175536_add_service_color/migration.sql"
2026-01-22T15:25:45.811047Z  INFO tailwindcss_oxide::scanner: Reading "/Users/bojantesic/git-tests/bookbot-mvp/src/lib/utils/slots.ts"
2026-01-22T15:25:45.811012Z  INFO tailwindcss_oxide::scanner: Reading "/Users/bojantesic/git-tests/bookbot-mvp/src/lib/subscription/index.ts"
2026-01-22T15:25:45.811015Z  INFO tailwindcss_oxide::scanner: Reading "/Users/bojantesic/git-tests/bookbot-mvp/src/app/api/c/[companySlug]/documents/route.ts"
2026-01-22T15:25:45.811015Z  INFO tailwindcss_oxide::scanner: Reading "/Users/bojantesic/git-tests/bookbot-mvp/src/components/chat/ui/chat-time-slots.tsx"
2026-01-22T15:25:45.811071Z  INFO tailwindcss_oxide::scanner: Reading "/Users/bojantesic/git-tests/bookbot-mvp/src/lib/subscription/usage.ts"
2026-01-22T15:25:45.811078Z  INFO tailwindcss_oxide::scanner: Reading "/Users/bojantesic/git-tests/bookbot-mvp/src/app/api/c/[companySlug]/slots/route.ts"
2026-01-22T15:25:45.811019Z  INFO tailwindcss_oxide::scanner: Reading "/Users/bojantesic/git-tests/bookbot-mvp/src/lib/db/customer-metrics.ts"
2026-01-22T15:25:45.811034Z  INFO tailwindcss_oxide::scanner: Reading "/Users/bojantesic/git-tests/bookbot-mvp/src/components/admin/dashboard/quick-actions.tsx"
2026-01-22T15:25:45.811044Z  INFO tailwindcss_oxide::scanner: Reading "/Users/bojantesic/git-tests/bookbot-mvp/src/app/api/user/companies/primary/route.ts"
2026-01-22T15:25:45.810796Z  INFO tailwindcss_oxide::scanner: Reading "/Users/bojantesic/git-tests/bookbot-mvp/src/app/[locale]/c/[companySlug]/admin/page.tsx"
2026-01-22T15:25:45.811109Z  INFO tailwindcss_oxide::scanner: Reading "/Users/bojantesic/git-tests/bookbot-mvp/src/components/chat/ui/chat-booking-card.tsx"
2026-01-22T15:25:45.811113Z  INFO tailwindcss_oxide::scanner: Reading "/Users/bojantesic/git-tests/bookbot-mvp/src/lib/subscription/limits.ts"
2026-01-22T15:25:45.811075Z  INFO tailwindcss_oxide::scanner: Reading "/Users/bojantesic/git-tests/bookbot-mvp/src/lib/subscription/trial.ts"
2026-01-22T15:25:45.811126Z  INFO tailwindcss_oxide::scanner: Reading "/Users/bojantesic/git-tests/bookbot-mvp/src/app/api/super-admin/companies/route.ts"
2026-01-22T15:25:45.810925Z  INFO tailwindcss_oxide::scanner: Reading "/Users/bojantesic/git-tests/bookbot-mvp/src/components/admin/dashboard/animated-number.tsx"
2026-01-22T15:25:45.811145Z  INFO tailwindcss_oxide::scanner: Reading "/Users/bojantesic/git-tests/bookbot-mvp/src/lib/ai/chat.ts"
2026-01-22T15:25:45.811067Z  INFO tailwindcss_oxide::scanner: Reading "/Users/bojantesic/git-tests/bookbot-mvp/src/components/ui/scroll-area.tsx"
2026-01-22T15:25:45.811113Z  INFO tailwindcss_oxide::scanner: Reading "/Users/bojantesic/git-tests/bookbot-mvp/src/app/api/c/[companySlug]/services/route.ts"
2026-01-22T15:25:45.811114Z  INFO tailwindcss_oxide::scanner: Reading "/Users/bojantesic/git-tests/bookbot-mvp/src/components/admin/dashboard/period-selector.tsx"
2026-01-22T15:25:45.811171Z  INFO tailwindcss_oxide::scanner: Reading "/Users/bojantesic/git-tests/bookbot-mvp/src/app/api/c/[companySlug]/invoices/route.ts"
2026-01-22T15:25:45.810961Z  INFO tailwindcss_oxide::scanner: Reading "/Users/bojantesic/git-tests/bookbot-mvp/src/components/navigation/user-menu.tsx"
2026-01-22T15:25:45.811138Z  INFO tailwindcss_oxide::scanner: Reading "/Users/bojantesic/git-tests/bookbot-mvp/src/components/chat/admin-message-renderer.tsx"
2026-01-22T15:25:45.811138Z  INFO tailwindcss_oxide::scanner: Reading "/Users/bojantesic/git-tests/bookbot-mvp/src/components/ui/alert-dialog.tsx"
2026-01-22T15:25:45.811199Z  INFO tailwindcss_oxide::scanner: Reading "/Users/bojantesic/git-tests/bookbot-mvp/src/app/api/c/[companySlug]/appointments/route.ts"
2026-01-22T15:25:45.811148Z  INFO tailwindcss_oxide::scanner: Reading "/Users/bojantesic/git-tests/bookbot-mvp/src/lib/ai/tool-handlers.ts"
2026-01-22T15:25:45.811160Z  INFO tailwindcss_oxide::scanner: Reading "/Users/bojantesic/git-tests/bookbot-mvp/src/app/api/c/[companySlug]/settings/route.ts"
2026-01-22T15:25:45.811172Z  INFO tailwindcss_oxide::scanner: Reading "/Users/bojantesic/git-tests/bookbot-mvp/src/lib/ai/personalities.ts"
2026-01-22T15:25:45.811173Z  INFO tailwindcss_oxide::scanner: Reading "/Users/bojantesic/git-tests/bookbot-mvp/src/components/ui/label.tsx"
2026-01-22T15:25:45.811230Z  INFO tailwindcss_oxide::scanner: Reading "/Users/bojantesic/git-tests/bookbot-mvp/src/components/ui/tabs.tsx"
2026-01-22T15:25:45.811235Z  INFO tailwindcss_oxide::scanner: Reading "/Users/bojantesic/git-tests/bookbot-mvp/src/app/api/c/[companySlug]/appointments/[appointmentId]/route.ts"
2026-01-22T15:25:45.811195Z  INFO tailwindcss_oxide::scanner: Reading "/Users/bojantesic/git-tests/bookbot-mvp/src/app/api/companies/route.ts"
2026-01-22T15:25:45.811201Z  INFO tailwindcss_oxide::scanner: Reading "/Users/bojantesic/git-tests/bookbot-mvp/src/components/navigation/header.tsx"
2026-01-22T15:25:45.811255Z  INFO tailwindcss_oxide::scanner: Reading "/Users/bojantesic/git-tests/bookbot-mvp/src/components/ui/sonner.tsx"
2026-01-22T15:25:45.811114Z  INFO tailwindcss_oxide::scanner: Reading "/Users/bojantesic/git-tests/bookbot-mvp/src/lib/db/audit.ts"
2026-01-22T15:25:45.811274Z  INFO tailwindcss_oxide::scanner: Reading "/Users/bojantesic/git-tests/bookbot-mvp/src/components/navigation/language-switcher.tsx"
2026-01-22T15:25:45.811070Z  INFO tailwindcss_oxide::scanner: Reading "/Users/bojantesic/git-tests/bookbot-mvp/prisma/migrations/20260118101359_add_company_business_details/migration.sql"
2026-01-22T15:25:45.811187Z  INFO tailwindcss_oxide::scanner: Reading "/Users/bojantesic/git-tests/bookbot-mvp/src/app/api/c/[companySlug]/services/[serviceId]/route.ts"
2026-01-22T15:25:45.811238Z  INFO tailwindcss_oxide::scanner: Reading "/Users/bojantesic/git-tests/bookbot-mvp/src/app/api/c/[companySlug]/chat/route.ts"
2026-01-22T15:25:45.811246Z  INFO tailwindcss_oxide::scanner: Reading "/Users/bojantesic/git-tests/bookbot-mvp/src/app/page.tsx"
2026-01-22T15:25:45.811255Z  INFO tailwindcss_oxide::scanner: Reading "/Users/bojantesic/git-tests/bookbot-mvp/src/components/ui/card.tsx"
2026-01-22T15:25:45.811311Z  INFO tailwindcss_oxide::scanner: Reading "/Users/bojantesic/git-tests/bookbot-mvp/src/components/ui/hover-card.tsx"
2026-01-22T15:25:45.811268Z  INFO tailwindcss_oxide::scanner: Reading "/Users/bojantesic/git-tests/bookbot-mvp/src/app/api/c/[companySlug]/working-hours/route.ts"
2026-01-22T15:25:45.811322Z  INFO tailwindcss_oxide::scanner: Reading "/Users/bojantesic/git-tests/bookbot-mvp/src/lib/email/templates/booking-confirmation.tsx"
2026-01-22T15:25:45.811286Z  INFO tailwindcss_oxide::scanner: Reading "/Users/bojantesic/git-tests/bookbot-mvp/src/components/ui/tooltip.tsx"
2026-01-22T15:25:45.811246Z  INFO tailwindcss_oxide::scanner: Reading "/Users/bojantesic/git-tests/bookbot-mvp/src/components/ui/popover.tsx"
2026-01-22T15:25:45.811344Z  INFO tailwindcss_oxide::scanner: Reading "/Users/bojantesic/git-tests/bookbot-mvp/src/app/api/c/[companySlug]/conversations/route.ts"
2026-01-22T15:25:45.811297Z  INFO tailwindcss_oxide::scanner: Reading "/Users/bojantesic/git-tests/bookbot-mvp/src/components/navigation/mobile-nav.tsx"
2026-01-22T15:25:45.811311Z  INFO tailwindcss_oxide::scanner: Reading "/Users/bojantesic/git-tests/bookbot-mvp/src/app/api/c/[companySlug]/chat/history/route.ts"
2026-01-22T15:25:45.811206Z  INFO tailwindcss_oxide::scanner: Reading "/Users/bojantesic/git-tests/bookbot-mvp/src/lib/ai/tools.ts"
2026-01-22T15:25:45.811320Z  INFO tailwindcss_oxide::scanner: Reading "/Users/bojantesic/git-tests/bookbot-mvp/src/app/api/c/[companySlug]/documents/[documentId]/route.ts"
2026-01-22T15:25:45.811269Z  INFO tailwindcss_oxide::scanner: Reading "/Users/bojantesic/git-tests/bookbot-mvp/src/app/api/c/[companySlug]/conversations/[sessionId]/route.ts"
2026-01-22T15:25:45.811334Z  INFO tailwindcss_oxide::scanner: Reading "/Users/bojantesic/git-tests/bookbot-mvp/src/lib/email/resend.ts"
2026-01-22T15:25:45.811402Z  INFO tailwindcss_oxide::scanner: Reading "/Users/bojantesic/git-tests/bookbot-mvp/src/lib/auth.ts"
2026-01-22T15:25:45.811335Z  INFO tailwindcss_oxide::scanner: Reading "/Users/bojantesic/git-tests/bookbot-mvp/src/components/ui/sheet.tsx"
2026-01-22T15:25:45.811364Z  INFO tailwindcss_oxide::scanner: Reading "/Users/bojantesic/git-tests/bookbot-mvp/src/components/ui/switch.tsx"
2026-01-22T15:25:45.811390Z  INFO tailwindcss_oxide::scanner: Reading "/Users/bojantesic/git-tests/bookbot-mvp/src/lib/email/templates/appointment-reminder.tsx"
2026-01-22T15:25:45.811425Z  INFO tailwindcss_oxide::scanner: Reading "/Users/bojantesic/git-tests/bookbot-mvp/src/i18n/routing.ts"
2026-01-22T15:25:45.811397Z  INFO tailwindcss_oxide::scanner: Reading "/Users/bojantesic/git-tests/bookbot-mvp/src/lib/email/send.ts"
2026-01-22T15:25:45.811441Z  INFO tailwindcss_oxide::scanner: Reading "/Users/bojantesic/git-tests/bookbot-mvp/src/components/ui/calendar.tsx"
2026-01-22T15:25:45.811445Z  INFO tailwindcss_oxide::scanner: Reading "/Users/bojantesic/git-tests/bookbot-mvp/src/components/service/promotional-badge.tsx"
2026-01-22T15:25:45.811406Z  INFO tailwindcss_oxide::scanner: Reading "/Users/bojantesic/git-tests/bookbot-mvp/src/components/customer/appointments-header.tsx"
2026-01-22T15:25:45.811408Z  INFO tailwindcss_oxide::scanner: Reading "/Users/bojantesic/git-tests/bookbot-mvp/src/i18n/request.ts"
2026-01-22T15:25:45.811415Z  INFO tailwindcss_oxide::scanner: Reading "/Users/bojantesic/git-tests/bookbot-mvp/src/lib/email/templates/cancellation-notice.tsx"
2026-01-22T15:25:45.811422Z  INFO tailwindcss_oxide::scanner: Reading "/Users/bojantesic/git-tests/bookbot-mvp/src/i18n/config.ts"
2026-01-22T15:25:45.811397Z  INFO tailwindcss_oxide::scanner: Reading "/Users/bojantesic/git-tests/bookbot-mvp/src/app/api/c/[companySlug]/chat/preview/route.ts"
2026-01-22T15:25:45.811477Z  INFO tailwindcss_oxide::scanner: Reading "/Users/bojantesic/git-tests/bookbot-mvp/src/components/ui/avatar.tsx"
2026-01-22T15:25:45.811484Z  INFO tailwindcss_oxide::scanner: Reading "/Users/bojantesic/git-tests/bookbot-mvp/src/components/customer/appointments-list.tsx"
2026-01-22T15:25:45.811297Z  INFO tailwindcss_oxide::scanner: Reading "/Users/bojantesic/git-tests/bookbot-mvp/src/lib/db/tenant.ts"
2026-01-22T15:25:45.811495Z  INFO tailwindcss_oxide::scanner: Reading "/Users/bojantesic/git-tests/bookbot-mvp/src/components/customer/appointments-calendar.tsx"
2026-01-22T15:25:45.811477Z  INFO tailwindcss_oxide::scanner: Reading "/Users/bojantesic/git-tests/bookbot-mvp/src/hooks/use-reduced-motion.ts"
2026-01-22T15:25:45.811477Z  INFO tailwindcss_oxide::scanner: Reading "/Users/bojantesic/git-tests/bookbot-mvp/src/components/ui/badge.tsx"
2026-01-22T15:25:45.811442Z  INFO tailwindcss_oxide::scanner: Reading "/Users/bojantesic/git-tests/bookbot-mvp/src/app/api/c/[companySlug]/invoices/[invoiceId]/route.ts"
2026-01-22T15:25:45.811397Z  INFO tailwindcss_oxide::scanner: Reading "/Users/bojantesic/git-tests/bookbot-mvp/src/components/service/service-price-display.tsx"
2026-01-22T15:25:45.811529Z  INFO tailwindcss_oxide::scanner: Reading "/Users/bojantesic/git-tests/bookbot-mvp/src/lib/prisma.ts"
2026-01-22T15:25:45.811490Z  INFO tailwindcss_oxide::scanner: Reading "/Users/bojantesic/git-tests/bookbot-mvp/src/components/ui/logo.tsx"
2026-01-22T15:25:45.811544Z  INFO tailwindcss_oxide::scanner: Reading "/Users/bojantesic/git-tests/bookbot-mvp/src/lib/utils.ts"
2026-01-22T15:25:45.811499Z  INFO tailwindcss_oxide::scanner: Reading "/Users/bojantesic/git-tests/bookbot-mvp/src/components/ui/dialog.tsx"
2026-01-22T15:25:45.811506Z  INFO tailwindcss_oxide::scanner: Reading "/Users/bojantesic/git-tests/bookbot-mvp/src/lib/invoices.ts"
2026-01-22T15:25:45.811508Z  INFO tailwindcss_oxide::scanner: Reading "/Users/bojantesic/git-tests/bookbot-mvp/src/components/ui/separator.tsx"
2026-01-22T15:25:45.811516Z  INFO tailwindcss_oxide::scanner: Reading "/Users/bojantesic/git-tests/bookbot-mvp/src/components/ui/button.tsx"
2026-01-22T15:25:45.811491Z  INFO tailwindcss_oxide::scanner: Reading "/Users/bojantesic/git-tests/bookbot-mvp/src/components/customer/appointment-sheet.tsx"
2026-01-22T15:25:45.811541Z  INFO tailwindcss_oxide::scanner: Reading "/Users/bojantesic/git-tests/bookbot-mvp/src/components/ui/table.tsx"
2026-01-22T15:25:45.811458Z  INFO tailwindcss_oxide::scanner: Reading "/Users/bojantesic/git-tests/bookbot-mvp/src/components/customer/about-section.tsx"
2026-01-22T15:25:45.811664Z  INFO extract_candidates:read_all_files: tailwindcss_oxide::scanner: exit
2026-01-22T15:25:45.811670Z  INFO extract_candidates:parse_all_blobs: tailwindcss_oxide::scanner: enter
2026-01-22T15:25:45.811673Z  INFO extract_candidates:parse_all_blobs:extract: tailwindcss_oxide::scanner: enter
2026-01-22T15:25:45.818148Z  INFO extract_candidates:parse_all_blobs:extract: tailwindcss_oxide::scanner: exit
2026-01-22T15:25:45.818177Z  INFO extract_candidates:parse_all_blobs: tailwindcss_oxide::scanner: exit
2026-01-22T15:25:45.818182Z  INFO extract_candidates:read_all_files: tailwindcss_oxide::scanner: enter
2026-01-22T15:25:45.818184Z  INFO extract_candidates:read_all_files: tailwindcss_oxide::scanner: Reading 1 file(s)
2026-01-22T15:25:45.818228Z  INFO extract_candidates:read_all_files: tailwindcss_oxide::scanner: Reading "/Users/bojantesic/git-tests/bookbot-mvp/src/app/globals.css"
2026-01-22T15:25:45.818232Z  INFO extract_candidates:read_all_files: tailwindcss_oxide::scanner: exit
2026-01-22T15:25:45.818235Z  INFO extract_candidates:extract_css_variables: tailwindcss_oxide::scanner: enter
2026-01-22T15:25:45.818237Z  INFO extract_candidates:extract_css_variables:extract: tailwindcss_oxide::scanner: enter
2026-01-22T15:25:45.818410Z  INFO extract_candidates:extract_css_variables:extract: tailwindcss_oxide::scanner: exit
2026-01-22T15:25:45.818417Z  INFO extract_candidates:extract_css_variables: tailwindcss_oxide::scanner: exit
2026-01-22T15:25:45.819492Z  INFO extract_candidates: tailwindcss_oxide::scanner: exit
2026-01-22T15:25:45.820373Z  INFO get_files: tailwindcss_oxide::scanner: enter
2026-01-22T15:25:45.820378Z  INFO get_files:scan_sources: tailwindcss_oxide::scanner: enter
2026-01-22T15:25:45.820722Z  INFO get_files:scan_sources: tailwindcss_oxide::scanner: Discovering "/Users/bojantesic/git-tests/bookbot-mvp/messages"
2026-01-22T15:25:45.820802Z  INFO get_files:scan_sources: tailwindcss_oxide::scanner: Discovering "/Users/bojantesic/git-tests/bookbot-mvp/prisma"
2026-01-22T15:25:45.820826Z  INFO get_files:scan_sources: tailwindcss_oxide::scanner: Discovering "/Users/bojantesic/git-tests/bookbot-mvp/prisma/migrations"
2026-01-22T15:25:45.820864Z  INFO get_files:scan_sources: tailwindcss_oxide::scanner: Discovering "/Users/bojantesic/git-tests/bookbot-mvp/prisma/migrations/20260117183444_add_ai_bot_personality_fields"
2026-01-22T15:25:45.820903Z  INFO get_files:scan_sources: tailwindcss_oxide::scanner: Discovering "/Users/bojantesic/git-tests/bookbot-mvp/prisma/migrations/20260119145404_add_service_discounts"
2026-01-22T15:25:45.820939Z  INFO get_files:scan_sources: tailwindcss_oxide::scanner: Discovering "/Users/bojantesic/git-tests/bookbot-mvp/prisma/migrations/20260117175536_add_service_color"
2026-01-22T15:25:45.820973Z  INFO get_files:scan_sources: tailwindcss_oxide::scanner: Discovering "/Users/bojantesic/git-tests/bookbot-mvp/prisma/migrations/20260118101359_add_company_business_details"
2026-01-22T15:25:45.821013Z  INFO get_files:scan_sources: tailwindcss_oxide::scanner: Discovering "/Users/bojantesic/git-tests/bookbot-mvp/prisma/migrations/20260118154115_add_chat_session_flags"
2026-01-22T15:25:45.821044Z  INFO get_files:scan_sources: tailwindcss_oxide::scanner: Discovering "/Users/bojantesic/git-tests/bookbot-mvp/prisma/migrations/20260117120753_init"
2026-01-22T15:25:45.821113Z  INFO get_files:scan_sources: tailwindcss_oxide::scanner: Discovering "/Users/bojantesic/git-tests/bookbot-mvp/public"
2026-01-22T15:25:45.821145Z  INFO get_files:scan_sources: tailwindcss_oxide::scanner: Discovering "/Users/bojantesic/git-tests/bookbot-mvp/public/videos"
2026-01-22T15:25:45.821207Z  INFO get_files:scan_sources: tailwindcss_oxide::scanner: Discovering "/Users/bojantesic/git-tests/bookbot-mvp/scripts"
2026-01-22T15:25:45.821243Z  INFO get_files:scan_sources: tailwindcss_oxide::scanner: Discovering "/Users/bojantesic/git-tests/bookbot-mvp/tech_docs"
2026-01-22T15:25:45.821302Z  INFO get_files:scan_sources: tailwindcss_oxide::scanner: Discovering "/Users/bojantesic/git-tests/bookbot-mvp/src"
2026-01-22T15:25:45.821329Z  INFO get_files:scan_sources: tailwindcss_oxide::scanner: Discovering "/Users/bojantesic/git-tests/bookbot-mvp/src/types"
2026-01-22T15:25:45.821355Z  INFO get_files:scan_sources: tailwindcss_oxide::scanner: Discovering "/Users/bojantesic/git-tests/bookbot-mvp/src/app"
2026-01-22T15:25:45.821387Z  INFO get_files:scan_sources: tailwindcss_oxide::scanner: Discovering "/Users/bojantesic/git-tests/bookbot-mvp/src/app/[locale]"
2026-01-22T15:25:45.821411Z  INFO get_files:scan_sources: tailwindcss_oxide::scanner: Discovering "/Users/bojantesic/git-tests/bookbot-mvp/src/app/[locale]/embed"
2026-01-22T15:25:45.821433Z  INFO get_files:scan_sources: tailwindcss_oxide::scanner: Discovering "/Users/bojantesic/git-tests/bookbot-mvp/src/app/[locale]/embed/[companySlug]"
2026-01-22T15:25:45.821470Z  INFO get_files:scan_sources: tailwindcss_oxide::scanner: Discovering "/Users/bojantesic/git-tests/bookbot-mvp/src/app/[locale]/super-admin"
2026-01-22T15:25:45.821506Z  INFO get_files:scan_sources: tailwindcss_oxide::scanner: Discovering "/Users/bojantesic/git-tests/bookbot-mvp/src/app/[locale]/super-admin/companies"
2026-01-22T15:25:45.821549Z  INFO get_files:scan_sources: tailwindcss_oxide::scanner: Discovering "/Users/bojantesic/git-tests/bookbot-mvp/src/app/[locale]/(auth)"
2026-01-22T15:25:45.821571Z  INFO get_files:scan_sources: tailwindcss_oxide::scanner: Discovering "/Users/bojantesic/git-tests/bookbot-mvp/src/app/[locale]/(auth)/register"
2026-01-22T15:25:45.821598Z  INFO get_files:scan_sources: tailwindcss_oxide::scanner: Discovering "/Users/bojantesic/git-tests/bookbot-mvp/src/app/[locale]/(auth)/login"
2026-01-22T15:25:45.821635Z  INFO get_files:scan_sources: tailwindcss_oxide::scanner: Discovering "/Users/bojantesic/git-tests/bookbot-mvp/src/app/[locale]/c"
2026-01-22T15:25:45.821666Z  INFO get_files:scan_sources: tailwindcss_oxide::scanner: Discovering "/Users/bojantesic/git-tests/bookbot-mvp/src/app/[locale]/c/[companySlug]"
2026-01-22T15:25:45.821690Z  INFO get_files:scan_sources: tailwindcss_oxide::scanner: Discovering "/Users/bojantesic/git-tests/bookbot-mvp/src/app/[locale]/c/[companySlug]/admin"
2026-01-22T15:25:45.821711Z  INFO get_files:scan_sources: tailwindcss_oxide::scanner: Discovering "/Users/bojantesic/git-tests/bookbot-mvp/src/app/[locale]/c/[companySlug]/admin/settings"
2026-01-22T15:25:45.821735Z  INFO get_files:scan_sources: tailwindcss_oxide::scanner: Discovering "/Users/bojantesic/git-tests/bookbot-mvp/src/app/[locale]/c/[companySlug]/admin/invoices"
2026-01-22T15:25:45.821764Z  INFO get_files:scan_sources: tailwindcss_oxide::scanner: Discovering "/Users/bojantesic/git-tests/bookbot-mvp/src/app/[locale]/c/[companySlug]/admin/appointments"
2026-01-22T15:25:45.821792Z  INFO get_files:scan_sources: tailwindcss_oxide::scanner: Discovering "/Users/bojantesic/git-tests/bookbot-mvp/src/app/[locale]/c/[companySlug]/admin/working-hours"
2026-01-22T15:25:45.821831Z  INFO get_files:scan_sources: tailwindcss_oxide::scanner: Discovering "/Users/bojantesic/git-tests/bookbot-mvp/src/app/[locale]/c/[companySlug]/admin/profile"
2026-01-22T15:25:45.821857Z  INFO get_files:scan_sources: tailwindcss_oxide::scanner: Discovering "/Users/bojantesic/git-tests/bookbot-mvp/src/app/[locale]/c/[companySlug]/admin/conversations"
2026-01-22T15:25:45.821894Z  INFO get_files:scan_sources: tailwindcss_oxide::scanner: Discovering "/Users/bojantesic/git-tests/bookbot-mvp/src/app/[locale]/c/[companySlug]/admin/documents"
2026-01-22T15:25:45.821927Z  INFO get_files:scan_sources: tailwindcss_oxide::scanner: Discovering "/Users/bojantesic/git-tests/bookbot-mvp/src/app/[locale]/c/[companySlug]/admin/services"
2026-01-22T15:25:45.821958Z  INFO get_files:scan_sources: tailwindcss_oxide::scanner: Discovering "/Users/bojantesic/git-tests/bookbot-mvp/src/app/[locale]/c/[companySlug]/user"
2026-01-22T15:25:45.821986Z  INFO get_files:scan_sources: tailwindcss_oxide::scanner: Discovering "/Users/bojantesic/git-tests/bookbot-mvp/src/app/[locale]/c/[companySlug]/my-appointments"
2026-01-22T15:25:45.822020Z  INFO get_files:scan_sources: tailwindcss_oxide::scanner: Discovering "/Users/bojantesic/git-tests/bookbot-mvp/src/app/[locale]/c/[companySlug]/book"
2026-01-22T15:25:45.822057Z  INFO get_files:scan_sources: tailwindcss_oxide::scanner: Discovering "/Users/bojantesic/git-tests/bookbot-mvp/src/app/api"
2026-01-22T15:25:45.822081Z  INFO get_files:scan_sources: tailwindcss_oxide::scanner: Discovering "/Users/bojantesic/git-tests/bookbot-mvp/src/app/api/auth"
2026-01-22T15:25:45.822102Z  INFO get_files:scan_sources: tailwindcss_oxide::scanner: Discovering "/Users/bojantesic/git-tests/bookbot-mvp/src/app/api/auth/register"
2026-01-22T15:25:45.822132Z  INFO get_files:scan_sources: tailwindcss_oxide::scanner: Discovering "/Users/bojantesic/git-tests/bookbot-mvp/src/app/api/auth/[...nextauth]"
2026-01-22T15:25:45.822159Z  INFO get_files:scan_sources: tailwindcss_oxide::scanner: Discovering "/Users/bojantesic/git-tests/bookbot-mvp/src/app/api/user"
2026-01-22T15:25:45.822180Z  INFO get_files:scan_sources: tailwindcss_oxide::scanner: Discovering "/Users/bojantesic/git-tests/bookbot-mvp/src/app/api/user/profile"
2026-01-22T15:25:45.822202Z  INFO get_files:scan_sources: tailwindcss_oxide::scanner: Discovering "/Users/bojantesic/git-tests/bookbot-mvp/src/app/api/user/companies"
2026-01-22T15:25:45.822226Z  INFO get_files:scan_sources: tailwindcss_oxide::scanner: Discovering "/Users/bojantesic/git-tests/bookbot-mvp/src/app/api/user/companies/primary"
2026-01-22T15:25:45.822254Z  INFO get_files:scan_sources: tailwindcss_oxide::scanner: Discovering "/Users/bojantesic/git-tests/bookbot-mvp/src/app/api/super-admin"
2026-01-22T15:25:45.822273Z  INFO get_files:scan_sources: tailwindcss_oxide::scanner: Discovering "/Users/bojantesic/git-tests/bookbot-mvp/src/app/api/super-admin/companies"
2026-01-22T15:25:45.822303Z  INFO get_files:scan_sources: tailwindcss_oxide::scanner: Discovering "/Users/bojantesic/git-tests/bookbot-mvp/src/app/api/c"
2026-01-22T15:25:45.822324Z  INFO get_files:scan_sources: tailwindcss_oxide::scanner: Discovering "/Users/bojantesic/git-tests/bookbot-mvp/src/app/api/c/[companySlug]"
2026-01-22T15:25:45.822348Z  INFO get_files:scan_sources: tailwindcss_oxide::scanner: Discovering "/Users/bojantesic/git-tests/bookbot-mvp/src/app/api/c/[companySlug]/settings"
2026-01-22T15:25:45.822516Z  INFO get_files:scan_sources: tailwindcss_oxide::scanner: Discovering "/Users/bojantesic/git-tests/bookbot-mvp/src/app/api/c/[companySlug]/chat"
2026-01-22T15:25:45.822569Z  INFO get_files:scan_sources: tailwindcss_oxide::scanner: Discovering "/Users/bojantesic/git-tests/bookbot-mvp/src/app/api/c/[companySlug]/chat/history"
2026-01-22T15:25:45.822606Z  INFO get_files:scan_sources: tailwindcss_oxide::scanner: Discovering "/Users/bojantesic/git-tests/bookbot-mvp/src/app/api/c/[companySlug]/chat/preview"
2026-01-22T15:25:45.822661Z  INFO get_files:scan_sources: tailwindcss_oxide::scanner: Discovering "/Users/bojantesic/git-tests/bookbot-mvp/src/app/api/c/[companySlug]/invoices"
2026-01-22T15:25:45.822699Z  INFO get_files:scan_sources: tailwindcss_oxide::scanner: Discovering "/Users/bojantesic/git-tests/bookbot-mvp/src/app/api/c/[companySlug]/invoices/[invoiceId]"
2026-01-22T15:25:45.822737Z  INFO get_files:scan_sources: tailwindcss_oxide::scanner: Discovering "/Users/bojantesic/git-tests/bookbot-mvp/src/app/api/c/[companySlug]/appointments"
2026-01-22T15:25:45.822768Z  INFO get_files:scan_sources: tailwindcss_oxide::scanner: Discovering "/Users/bojantesic/git-tests/bookbot-mvp/src/app/api/c/[companySlug]/appointments/[appointmentId]"
2026-01-22T15:25:45.822797Z  INFO get_files:scan_sources: tailwindcss_oxide::scanner: Discovering "/Users/bojantesic/git-tests/bookbot-mvp/src/app/api/c/[companySlug]/working-hours"
2026-01-22T15:25:45.822836Z  INFO get_files:scan_sources: tailwindcss_oxide::scanner: Discovering "/Users/bojantesic/git-tests/bookbot-mvp/src/app/api/c/[companySlug]/conversations"
2026-01-22T15:25:45.822869Z  INFO get_files:scan_sources: tailwindcss_oxide::scanner: Discovering "/Users/bojantesic/git-tests/bookbot-mvp/src/app/api/c/[companySlug]/conversations/[sessionId]"
2026-01-22T15:25:45.822899Z  INFO get_files:scan_sources: tailwindcss_oxide::scanner: Discovering "/Users/bojantesic/git-tests/bookbot-mvp/src/app/api/c/[companySlug]/documents"
2026-01-22T15:25:45.822924Z  INFO get_files:scan_sources: tailwindcss_oxide::scanner: Discovering "/Users/bojantesic/git-tests/bookbot-mvp/src/app/api/c/[companySlug]/documents/[documentId]"
2026-01-22T15:25:45.822957Z  INFO get_files:scan_sources: tailwindcss_oxide::scanner: Discovering "/Users/bojantesic/git-tests/bookbot-mvp/src/app/api/c/[companySlug]/slots"
2026-01-22T15:25:45.822984Z  INFO get_files:scan_sources: tailwindcss_oxide::scanner: Discovering "/Users/bojantesic/git-tests/bookbot-mvp/src/app/api/c/[companySlug]/services"
2026-01-22T15:25:45.823011Z  INFO get_files:scan_sources: tailwindcss_oxide::scanner: Discovering "/Users/bojantesic/git-tests/bookbot-mvp/src/app/api/c/[companySlug]/services/[serviceId]"
2026-01-22T15:25:45.823042Z  INFO get_files:scan_sources: tailwindcss_oxide::scanner: Discovering "/Users/bojantesic/git-tests/bookbot-mvp/src/app/api/companies"
2026-01-22T15:25:45.823082Z  INFO get_files:scan_sources: tailwindcss_oxide::scanner: Discovering "/Users/bojantesic/git-tests/bookbot-mvp/src/components"
2026-01-22T15:25:45.823107Z  INFO get_files:scan_sources: tailwindcss_oxide::scanner: Discovering "/Users/bojantesic/git-tests/bookbot-mvp/src/components/ui"
2026-01-22T15:25:45.823214Z  INFO get_files:scan_sources: tailwindcss_oxide::scanner: Discovering "/Users/bojantesic/git-tests/bookbot-mvp/src/components/landing"
2026-01-22T15:25:45.823296Z  INFO get_files:scan_sources: tailwindcss_oxide::scanner: Discovering "/Users/bojantesic/git-tests/bookbot-mvp/src/components/chat"
2026-01-22T15:25:45.823321Z  INFO get_files:scan_sources: tailwindcss_oxide::scanner: Discovering "/Users/bojantesic/git-tests/bookbot-mvp/src/components/chat/ui"
2026-01-22T15:25:45.823378Z  INFO get_files:scan_sources: tailwindcss_oxide::scanner: Discovering "/Users/bojantesic/git-tests/bookbot-mvp/src/components/invoices"
2026-01-22T15:25:45.823399Z  INFO get_files:scan_sources: tailwindcss_oxide::scanner: Discovering "/Users/bojantesic/git-tests/bookbot-mvp/src/components/booking"
2026-01-22T15:25:45.823428Z  INFO get_files:scan_sources: tailwindcss_oxide::scanner: Discovering "/Users/bojantesic/git-tests/bookbot-mvp/src/components/providers"
2026-01-22T15:25:45.823454Z  INFO get_files:scan_sources: tailwindcss_oxide::scanner: Discovering "/Users/bojantesic/git-tests/bookbot-mvp/src/components/admin"
2026-01-22T15:25:45.823477Z  INFO get_files:scan_sources: tailwindcss_oxide::scanner: Discovering "/Users/bojantesic/git-tests/bookbot-mvp/src/components/admin/calendar"
2026-01-22T15:25:45.823542Z  INFO get_files:scan_sources: tailwindcss_oxide::scanner: Discovering "/Users/bojantesic/git-tests/bookbot-mvp/src/components/admin/dashboard"
2026-01-22T15:25:45.823622Z  INFO get_files:scan_sources: tailwindcss_oxide::scanner: Discovering "/Users/bojantesic/git-tests/bookbot-mvp/src/components/navigation"
2026-01-22T15:25:45.823658Z  INFO get_files:scan_sources: tailwindcss_oxide::scanner: Discovering "/Users/bojantesic/git-tests/bookbot-mvp/src/components/service"
2026-01-22T15:25:45.823685Z  INFO get_files:scan_sources: tailwindcss_oxide::scanner: Discovering "/Users/bojantesic/git-tests/bookbot-mvp/src/components/customer"
2026-01-22T15:25:45.823724Z  INFO get_files:scan_sources: tailwindcss_oxide::scanner: Discovering "/Users/bojantesic/git-tests/bookbot-mvp/src/hooks"
2026-01-22T15:25:45.823747Z  INFO get_files:scan_sources: tailwindcss_oxide::scanner: Discovering "/Users/bojantesic/git-tests/bookbot-mvp/src/lib"
2026-01-22T15:25:45.823777Z  INFO get_files:scan_sources: tailwindcss_oxide::scanner: Discovering "/Users/bojantesic/git-tests/bookbot-mvp/src/lib/utils"
2026-01-22T15:25:45.823809Z  INFO get_files:scan_sources: tailwindcss_oxide::scanner: Discovering "/Users/bojantesic/git-tests/bookbot-mvp/src/lib/subscription"
2026-01-22T15:25:45.823842Z  INFO get_files:scan_sources: tailwindcss_oxide::scanner: Discovering "/Users/bojantesic/git-tests/bookbot-mvp/src/lib/ai"
2026-01-22T15:25:45.823876Z  INFO get_files:scan_sources: tailwindcss_oxide::scanner: Discovering "/Users/bojantesic/git-tests/bookbot-mvp/src/lib/db"
2026-01-22T15:25:45.823903Z  INFO get_files:scan_sources: tailwindcss_oxide::scanner: Discovering "/Users/bojantesic/git-tests/bookbot-mvp/src/lib/email"
2026-01-22T15:25:45.823929Z  INFO get_files:scan_sources: tailwindcss_oxide::scanner: Discovering "/Users/bojantesic/git-tests/bookbot-mvp/src/lib/email/templates"
2026-01-22T15:25:45.823963Z  INFO get_files:scan_sources: tailwindcss_oxide::scanner: Discovering "/Users/bojantesic/git-tests/bookbot-mvp/src/i18n"
2026-01-22T15:25:45.823998Z  INFO get_files:scan_sources: tailwindcss_oxide::scanner: exit
2026-01-22T15:25:45.824138Z  INFO get_files: tailwindcss_oxide::scanner: exit
2026-01-22T15:25:45.824374Z  INFO get_globs: tailwindcss_oxide::scanner: enter
2026-01-22T15:25:45.824378Z  INFO get_globs:scan_sources: tailwindcss_oxide::scanner: enter
2026-01-22T15:25:45.824688Z  INFO get_globs:scan_sources: tailwindcss_oxide::scanner: Discovering "/Users/bojantesic/git-tests/bookbot-mvp/messages"
2026-01-22T15:25:45.824757Z  INFO get_globs:scan_sources: tailwindcss_oxide::scanner: Discovering "/Users/bojantesic/git-tests/bookbot-mvp/prisma"
2026-01-22T15:25:45.824782Z  INFO get_globs:scan_sources: tailwindcss_oxide::scanner: Discovering "/Users/bojantesic/git-tests/bookbot-mvp/prisma/migrations"
2026-01-22T15:25:45.824815Z  INFO get_globs:scan_sources: tailwindcss_oxide::scanner: Discovering "/Users/bojantesic/git-tests/bookbot-mvp/prisma/migrations/20260117183444_add_ai_bot_personality_fields"
2026-01-22T15:25:45.824849Z  INFO get_globs:scan_sources: tailwindcss_oxide::scanner: Discovering "/Users/bojantesic/git-tests/bookbot-mvp/prisma/migrations/20260119145404_add_service_discounts"
2026-01-22T15:25:45.824879Z  INFO get_globs:scan_sources: tailwindcss_oxide::scanner: Discovering "/Users/bojantesic/git-tests/bookbot-mvp/prisma/migrations/20260117175536_add_service_color"
2026-01-22T15:25:45.824908Z  INFO get_globs:scan_sources: tailwindcss_oxide::scanner: Discovering "/Users/bojantesic/git-tests/bookbot-mvp/prisma/migrations/20260118101359_add_company_business_details"
2026-01-22T15:25:45.824937Z  INFO get_globs:scan_sources: tailwindcss_oxide::scanner: Discovering "/Users/bojantesic/git-tests/bookbot-mvp/prisma/migrations/20260118154115_add_chat_session_flags"
2026-01-22T15:25:45.824964Z  INFO get_globs:scan_sources: tailwindcss_oxide::scanner: Discovering "/Users/bojantesic/git-tests/bookbot-mvp/prisma/migrations/20260117120753_init"
2026-01-22T15:25:45.825018Z  INFO get_globs:scan_sources: tailwindcss_oxide::scanner: Discovering "/Users/bojantesic/git-tests/bookbot-mvp/public"
2026-01-22T15:25:45.825042Z  INFO get_globs:scan_sources: tailwindcss_oxide::scanner: Discovering "/Users/bojantesic/git-tests/bookbot-mvp/public/videos"
2026-01-22T15:25:45.825098Z  INFO get_globs:scan_sources: tailwindcss_oxide::scanner: Discovering "/Users/bojantesic/git-tests/bookbot-mvp/scripts"
2026-01-22T15:25:45.825139Z  INFO get_globs:scan_sources: tailwindcss_oxide::scanner: Discovering "/Users/bojantesic/git-tests/bookbot-mvp/tech_docs"
2026-01-22T15:25:45.825196Z  INFO get_globs:scan_sources: tailwindcss_oxide::scanner: Discovering "/Users/bojantesic/git-tests/bookbot-mvp/src"
2026-01-22T15:25:45.825219Z  INFO get_globs:scan_sources: tailwindcss_oxide::scanner: Discovering "/Users/bojantesic/git-tests/bookbot-mvp/src/types"
2026-01-22T15:25:45.825240Z  INFO get_globs:scan_sources: tailwindcss_oxide::scanner: Discovering "/Users/bojantesic/git-tests/bookbot-mvp/src/app"
2026-01-22T15:25:45.825264Z  INFO get_globs:scan_sources: tailwindcss_oxide::scanner: Discovering "/Users/bojantesic/git-tests/bookbot-mvp/src/app/[locale]"
2026-01-22T15:25:45.825288Z  INFO get_globs:scan_sources: tailwindcss_oxide::scanner: Discovering "/Users/bojantesic/git-tests/bookbot-mvp/src/app/[locale]/embed"
2026-01-22T15:25:45.825313Z  INFO get_globs:scan_sources: tailwindcss_oxide::scanner: Discovering "/Users/bojantesic/git-tests/bookbot-mvp/src/app/[locale]/embed/[companySlug]"
2026-01-22T15:25:45.825344Z  INFO get_globs:scan_sources: tailwindcss_oxide::scanner: Discovering "/Users/bojantesic/git-tests/bookbot-mvp/src/app/[locale]/super-admin"
2026-01-22T15:25:45.825373Z  INFO get_globs:scan_sources: tailwindcss_oxide::scanner: Discovering "/Users/bojantesic/git-tests/bookbot-mvp/src/app/[locale]/super-admin/companies"
2026-01-22T15:25:45.825401Z  INFO get_globs:scan_sources: tailwindcss_oxide::scanner: Discovering "/Users/bojantesic/git-tests/bookbot-mvp/src/app/[locale]/(auth)"
2026-01-22T15:25:45.825421Z  INFO get_globs:scan_sources: tailwindcss_oxide::scanner: Discovering "/Users/bojantesic/git-tests/bookbot-mvp/src/app/[locale]/(auth)/register"
2026-01-22T15:25:45.825444Z  INFO get_globs:scan_sources: tailwindcss_oxide::scanner: Discovering "/Users/bojantesic/git-tests/bookbot-mvp/src/app/[locale]/(auth)/login"
2026-01-22T15:25:45.825472Z  INFO get_globs:scan_sources: tailwindcss_oxide::scanner: Discovering "/Users/bojantesic/git-tests/bookbot-mvp/src/app/[locale]/c"
2026-01-22T15:25:45.825493Z  INFO get_globs:scan_sources: tailwindcss_oxide::scanner: Discovering "/Users/bojantesic/git-tests/bookbot-mvp/src/app/[locale]/c/[companySlug]"
2026-01-22T15:25:45.825515Z  INFO get_globs:scan_sources: tailwindcss_oxide::scanner: Discovering "/Users/bojantesic/git-tests/bookbot-mvp/src/app/[locale]/c/[companySlug]/admin"
2026-01-22T15:25:45.825537Z  INFO get_globs:scan_sources: tailwindcss_oxide::scanner: Discovering "/Users/bojantesic/git-tests/bookbot-mvp/src/app/[locale]/c/[companySlug]/admin/settings"
2026-01-22T15:25:45.825562Z  INFO get_globs:scan_sources: tailwindcss_oxide::scanner: Discovering "/Users/bojantesic/git-tests/bookbot-mvp/src/app/[locale]/c/[companySlug]/admin/invoices"
2026-01-22T15:25:45.825585Z  INFO get_globs:scan_sources: tailwindcss_oxide::scanner: Discovering "/Users/bojantesic/git-tests/bookbot-mvp/src/app/[locale]/c/[companySlug]/admin/appointments"
2026-01-22T15:25:45.825609Z  INFO get_globs:scan_sources: tailwindcss_oxide::scanner: Discovering "/Users/bojantesic/git-tests/bookbot-mvp/src/app/[locale]/c/[companySlug]/admin/working-hours"
2026-01-22T15:25:45.825633Z  INFO get_globs:scan_sources: tailwindcss_oxide::scanner: Discovering "/Users/bojantesic/git-tests/bookbot-mvp/src/app/[locale]/c/[companySlug]/admin/profile"
2026-01-22T15:25:45.825658Z  INFO get_globs:scan_sources: tailwindcss_oxide::scanner: Discovering "/Users/bojantesic/git-tests/bookbot-mvp/src/app/[locale]/c/[companySlug]/admin/conversations"
2026-01-22T15:25:45.825688Z  INFO get_globs:scan_sources: tailwindcss_oxide::scanner: Discovering "/Users/bojantesic/git-tests/bookbot-mvp/src/app/[locale]/c/[companySlug]/admin/documents"
2026-01-22T15:25:45.825716Z  INFO get_globs:scan_sources: tailwindcss_oxide::scanner: Discovering "/Users/bojantesic/git-tests/bookbot-mvp/src/app/[locale]/c/[companySlug]/admin/services"
2026-01-22T15:25:45.825745Z  INFO get_globs:scan_sources: tailwindcss_oxide::scanner: Discovering "/Users/bojantesic/git-tests/bookbot-mvp/src/app/[locale]/c/[companySlug]/user"
2026-01-22T15:25:45.825770Z  INFO get_globs:scan_sources: tailwindcss_oxide::scanner: Discovering "/Users/bojantesic/git-tests/bookbot-mvp/src/app/[locale]/c/[companySlug]/my-appointments"
2026-01-22T15:25:45.825799Z  INFO get_globs:scan_sources: tailwindcss_oxide::scanner: Discovering "/Users/bojantesic/git-tests/bookbot-mvp/src/app/[locale]/c/[companySlug]/book"
2026-01-22T15:25:45.825831Z  INFO get_globs:scan_sources: tailwindcss_oxide::scanner: Discovering "/Users/bojantesic/git-tests/bookbot-mvp/src/app/api"
2026-01-22T15:25:45.825852Z  INFO get_globs:scan_sources: tailwindcss_oxide::scanner: Discovering "/Users/bojantesic/git-tests/bookbot-mvp/src/app/api/auth"
2026-01-22T15:25:45.825872Z  INFO get_globs:scan_sources: tailwindcss_oxide::scanner: Discovering "/Users/bojantesic/git-tests/bookbot-mvp/src/app/api/auth/register"
2026-01-22T15:25:45.825896Z  INFO get_globs:scan_sources: tailwindcss_oxide::scanner: Discovering "/Users/bojantesic/git-tests/bookbot-mvp/src/app/api/auth/[...nextauth]"
2026-01-22T15:25:45.825922Z  INFO get_globs:scan_sources: tailwindcss_oxide::scanner: Discovering "/Users/bojantesic/git-tests/bookbot-mvp/src/app/api/user"
2026-01-22T15:25:45.825944Z  INFO get_globs:scan_sources: tailwindcss_oxide::scanner: Discovering "/Users/bojantesic/git-tests/bookbot-mvp/src/app/api/user/profile"
2026-01-22T15:25:45.825967Z  INFO get_globs:scan_sources: tailwindcss_oxide::scanner: Discovering "/Users/bojantesic/git-tests/bookbot-mvp/src/app/api/user/companies"
2026-01-22T15:25:45.825993Z  INFO get_globs:scan_sources: tailwindcss_oxide::scanner: Discovering "/Users/bojantesic/git-tests/bookbot-mvp/src/app/api/user/companies/primary"
2026-01-22T15:25:45.826017Z  INFO get_globs:scan_sources: tailwindcss_oxide::scanner: Discovering "/Users/bojantesic/git-tests/bookbot-mvp/src/app/api/super-admin"
2026-01-22T15:25:45.826037Z  INFO get_globs:scan_sources: tailwindcss_oxide::scanner: Discovering "/Users/bojantesic/git-tests/bookbot-mvp/src/app/api/super-admin/companies"
2026-01-22T15:25:45.826061Z  INFO get_globs:scan_sources: tailwindcss_oxide::scanner: Discovering "/Users/bojantesic/git-tests/bookbot-mvp/src/app/api/c"
2026-01-22T15:25:45.826080Z  INFO get_globs:scan_sources: tailwindcss_oxide::scanner: Discovering "/Users/bojantesic/git-tests/bookbot-mvp/src/app/api/c/[companySlug]"
2026-01-22T15:25:45.826099Z  INFO get_globs:scan_sources: tailwindcss_oxide::scanner: Discovering "/Users/bojantesic/git-tests/bookbot-mvp/src/app/api/c/[companySlug]/settings"
2026-01-22T15:25:45.826121Z  INFO get_globs:scan_sources: tailwindcss_oxide::scanner: Discovering "/Users/bojantesic/git-tests/bookbot-mvp/src/app/api/c/[companySlug]/chat"
2026-01-22T15:25:45.826144Z  INFO get_globs:scan_sources: tailwindcss_oxide::scanner: Discovering "/Users/bojantesic/git-tests/bookbot-mvp/src/app/api/c/[companySlug]/chat/history"
2026-01-22T15:25:45.826167Z  INFO get_globs:scan_sources: tailwindcss_oxide::scanner: Discovering "/Users/bojantesic/git-tests/bookbot-mvp/src/app/api/c/[companySlug]/chat/preview"
2026-01-22T15:25:45.826192Z  INFO get_globs:scan_sources: tailwindcss_oxide::scanner: Discovering "/Users/bojantesic/git-tests/bookbot-mvp/src/app/api/c/[companySlug]/invoices"
2026-01-22T15:25:45.826213Z  INFO get_globs:scan_sources: tailwindcss_oxide::scanner: Discovering "/Users/bojantesic/git-tests/bookbot-mvp/src/app/api/c/[companySlug]/invoices/[invoiceId]"
2026-01-22T15:25:45.826238Z  INFO get_globs:scan_sources: tailwindcss_oxide::scanner: Discovering "/Users/bojantesic/git-tests/bookbot-mvp/src/app/api/c/[companySlug]/appointments"
2026-01-22T15:25:45.826260Z  INFO get_globs:scan_sources: tailwindcss_oxide::scanner: Discovering "/Users/bojantesic/git-tests/bookbot-mvp/src/app/api/c/[companySlug]/appointments/[appointmentId]"
2026-01-22T15:25:45.826283Z  INFO get_globs:scan_sources: tailwindcss_oxide::scanner: Discovering "/Users/bojantesic/git-tests/bookbot-mvp/src/app/api/c/[companySlug]/working-hours"
2026-01-22T15:25:45.826308Z  INFO get_globs:scan_sources: tailwindcss_oxide::scanner: Discovering "/Users/bojantesic/git-tests/bookbot-mvp/src/app/api/c/[companySlug]/conversations"
2026-01-22T15:25:45.826331Z  INFO get_globs:scan_sources: tailwindcss_oxide::scanner: Discovering "/Users/bojantesic/git-tests/bookbot-mvp/src/app/api/c/[companySlug]/conversations/[sessionId]"
2026-01-22T15:25:45.826358Z  INFO get_globs:scan_sources: tailwindcss_oxide::scanner: Discovering "/Users/bojantesic/git-tests/bookbot-mvp/src/app/api/c/[companySlug]/documents"
2026-01-22T15:25:45.826378Z  INFO get_globs:scan_sources: tailwindcss_oxide::scanner: Discovering "/Users/bojantesic/git-tests/bookbot-mvp/src/app/api/c/[companySlug]/documents/[documentId]"
2026-01-22T15:25:45.826403Z  INFO get_globs:scan_sources: tailwindcss_oxide::scanner: Discovering "/Users/bojantesic/git-tests/bookbot-mvp/src/app/api/c/[companySlug]/slots"
2026-01-22T15:25:45.826424Z  INFO get_globs:scan_sources: tailwindcss_oxide::scanner: Discovering "/Users/bojantesic/git-tests/bookbot-mvp/src/app/api/c/[companySlug]/services"
2026-01-22T15:25:45.826446Z  INFO get_globs:scan_sources: tailwindcss_oxide::scanner: Discovering "/Users/bojantesic/git-tests/bookbot-mvp/src/app/api/c/[companySlug]/services/[serviceId]"
2026-01-22T15:25:45.826469Z  INFO get_globs:scan_sources: tailwindcss_oxide::scanner: Discovering "/Users/bojantesic/git-tests/bookbot-mvp/src/app/api/companies"
2026-01-22T15:25:45.826496Z  INFO get_globs:scan_sources: tailwindcss_oxide::scanner: Discovering "/Users/bojantesic/git-tests/bookbot-mvp/src/components"
2026-01-22T15:25:45.826516Z  INFO get_globs:scan_sources: tailwindcss_oxide::scanner: Discovering "/Users/bojantesic/git-tests/bookbot-mvp/src/components/ui"
2026-01-22T15:25:45.826601Z  INFO get_globs:scan_sources: tailwindcss_oxide::scanner: Discovering "/Users/bojantesic/git-tests/bookbot-mvp/src/components/landing"
2026-01-22T15:25:45.826659Z  INFO get_globs:scan_sources: tailwindcss_oxide::scanner: Discovering "/Users/bojantesic/git-tests/bookbot-mvp/src/components/chat"
2026-01-22T15:25:45.826681Z  INFO get_globs:scan_sources: tailwindcss_oxide::scanner: Discovering "/Users/bojantesic/git-tests/bookbot-mvp/src/components/chat/ui"
2026-01-22T15:25:45.826726Z  INFO get_globs:scan_sources: tailwindcss_oxide::scanner: Discovering "/Users/bojantesic/git-tests/bookbot-mvp/src/components/invoices"
2026-01-22T15:25:45.826744Z  INFO get_globs:scan_sources: tailwindcss_oxide::scanner: Discovering "/Users/bojantesic/git-tests/bookbot-mvp/src/components/booking"
2026-01-22T15:25:45.826766Z  INFO get_globs:scan_sources: tailwindcss_oxide::scanner: Discovering "/Users/bojantesic/git-tests/bookbot-mvp/src/components/providers"
2026-01-22T15:25:45.826787Z  INFO get_globs:scan_sources: tailwindcss_oxide::scanner: Discovering "/Users/bojantesic/git-tests/bookbot-mvp/src/components/admin"
2026-01-22T15:25:45.826808Z  INFO get_globs:scan_sources: tailwindcss_oxide::scanner: Discovering "/Users/bojantesic/git-tests/bookbot-mvp/src/components/admin/calendar"
2026-01-22T15:25:45.826859Z  INFO get_globs:scan_sources: tailwindcss_oxide::scanner: Discovering "/Users/bojantesic/git-tests/bookbot-mvp/src/components/admin/dashboard"
2026-01-22T15:25:45.826925Z  INFO get_globs:scan_sources: tailwindcss_oxide::scanner: Discovering "/Users/bojantesic/git-tests/bookbot-mvp/src/components/navigation"
2026-01-22T15:25:45.826955Z  INFO get_globs:scan_sources: tailwindcss_oxide::scanner: Discovering "/Users/bojantesic/git-tests/bookbot-mvp/src/components/service"
2026-01-22T15:25:45.826981Z  INFO get_globs:scan_sources: tailwindcss_oxide::scanner: Discovering "/Users/bojantesic/git-tests/bookbot-mvp/src/components/customer"
2026-01-22T15:25:45.827014Z  INFO get_globs:scan_sources: tailwindcss_oxide::scanner: Discovering "/Users/bojantesic/git-tests/bookbot-mvp/src/hooks"
2026-01-22T15:25:45.827034Z  INFO get_globs:scan_sources: tailwindcss_oxide::scanner: Discovering "/Users/bojantesic/git-tests/bookbot-mvp/src/lib"
2026-01-22T15:25:45.827064Z  INFO get_globs:scan_sources: tailwindcss_oxide::scanner: Discovering "/Users/bojantesic/git-tests/bookbot-mvp/src/lib/utils"
2026-01-22T15:25:45.827094Z  INFO get_globs:scan_sources: tailwindcss_oxide::scanner: Discovering "/Users/bojantesic/git-tests/bookbot-mvp/src/lib/subscription"
2026-01-22T15:25:45.827124Z  INFO get_globs:scan_sources: tailwindcss_oxide::scanner: Discovering "/Users/bojantesic/git-tests/bookbot-mvp/src/lib/ai"
2026-01-22T15:25:45.827155Z  INFO get_globs:scan_sources: tailwindcss_oxide::scanner: Discovering "/Users/bojantesic/git-tests/bookbot-mvp/src/lib/db"
2026-01-22T15:25:45.827181Z  INFO get_globs:scan_sources: tailwindcss_oxide::scanner: Discovering "/Users/bojantesic/git-tests/bookbot-mvp/src/lib/email"
2026-01-22T15:25:45.827204Z  INFO get_globs:scan_sources: tailwindcss_oxide::scanner: Discovering "/Users/bojantesic/git-tests/bookbot-mvp/src/lib/email/templates"
2026-01-22T15:25:45.827236Z  INFO get_globs:scan_sources: tailwindcss_oxide::scanner: Discovering "/Users/bojantesic/git-tests/bookbot-mvp/src/i18n"
2026-01-22T15:25:45.827268Z  INFO get_globs:scan_sources: tailwindcss_oxide::scanner: exit
2026-01-22T15:25:45.829918Z  INFO get_globs: tailwindcss_oxide::scanner: exit
